1,Royston Mains Gardens,EH5 1NL,7,55.9764452,-3.2321792,16/12/2009,3,2,1,1,1,1,1,0,0,1,0,1,0,1,0,0,1,1,0
2,Albion Place,EH7 5QS,12,55.9622466,-3.1664719,29/04/2010,2,1,1,1,1,1,2,0,0,1,1,1,0,1,0,0,0,0,0
3,Comely Green Cres,EH7 5TB,1,55.9560426,-3.1653133,,3,1,1,1,2,1,1,0,0,0,0,1,0,1,0,0,0,0,0
4,Ravelston Dykes,EH12 6HF,15,55.9513036,-3.239206,27/01/2011,3,1,1,1,1,2,1,0,0,0,0,0,0,0,0,0,0,0,0
5,Glasgow Road,EH12 8LH,9,55.9410967,-3.3066194,23/06/2009,3,1,1,1,1,2,1,0,0,0,1,0,0,1,0,0,0,0,0
6,Candlemaker Crescent ,EH17 8TX,16,55.9083639,-3.1264931,11/06/2009,3,1,1,1,1,1,1,0,0,0,0,0,0,0,0,0,0,0,0
7,Elliot Park ,EH14 1DY,2,55.915434,-3.2450112,,2,1,1,1,2,1,1,0,0,1,0,0,0,1,0,0,0,0,0
8,Standingstane Road,EH30 9UB,14,55.9743505,-3.3740628,23/06/2009,4,1,1,1,1,1,1,0,0,0,0,0,0,0,0,0,0,0,0
9,Scotstoun Park,EH30 9PQ,14,55.9817551,-3.3938545,09/06/2008,3,1,1,1,4,2,1,0,0,1,0,1,0,1,0,0,0,0,1
10,Cesser Crescent,EH14 1SP,2,55.9310472,-3.2486591,16/09/2008,3,1,1,1,2,2,1,0,0,1,1,1,0,1,0,0,0,0,0
11,Frazer Avenue ,EH5 2AG,7,55.9726376,-3.2168065,11/06/2010,3,1,1,1,2,2,1,0,0,1,1,0,1,1,0,0,0,0,0
12,Wester Broom Gardens,EH12 7RA,9,55.9369608,-3.2939246,25/02/2009,3,1,1,1,2,2,1,0,0,0,0,0,0,0,0,0,0,0,0
13,Turnhouse Road,EH12 0AU,14,55.944972,-3.3237601,15/06/2010,4,1,1,1,1,1,1,0,0,0,0,0,0,0,0,0,0,0,0
14,Craigleith Rise,EH4 3TR,15,55.9514301,-3.2477734,12/10/2010,3,1,1,1,1,2,1,0,0,0,0,1,0,1,0,0,0,0,0
15,Braehead Drive,EH4 6BR,14,55.964383,-3.3116283,21/10/2008,3,1,1,1,1,1,1,0,0,1,0,0,0,1,0,0,0,0,0
16,Shandon Road,EH11 1QG,2,55.9332883,-3.2323595,27/01/2010,3,2,1,1,1,1,1,1,0,1,0,0,0,1,0,0,0,1,0
17,Pilton Avenue,EH5 2HD,7,55.9728284,-3.2303895,,3,1,1,1,2,2,1,0,0,1,1,0,0,1,0,0,0,0,0
18,Wester Coates Place,EH12 5YG,15,55.9484473,-3.22926,09/12/2008,3,1,1,1,2,3,1,0,0,0,0,1,0,1,0,0,0,0,0
19,Barnton Park Wood,EH4 6EW,14,55.9612485,-3.2989812,09/06/2008,3,2,1,1,4,2,1,0,0,1,0,1,0,1,0,0,0,1,1
20,Kirkgate Currie,EH14 6AR,10,55.8915547,-3.3051067,14/10/2008,4,1,1,1,2,2,1,0,0,0,1,1,0,1,0,0,0,0,0
21,Hillwood Avenue,EH28 8QB,14,55.9357903,-3.3866745,27/10/2009,3,1,1,1,2,2,2,0,0,1,0,0,0,1,0,0,0,0,0
22,Malleny Avenue,EH14 7EJ,10,55.8798196,-3.3378596,25/02/2009,3,1,1,1,2,2,1,0,0,0,0,0,0,0,0,0,0,0,0
23,East Silvermills Lane,EH3 5BD,4,55.9591812,-3.204813,28/04/2008,2,1,1,1,2,2,1,0,0,1,1,1,0,1,0,0,0,0,0
24,Alemoor Park,EH7 6US,8,55.9652671,-3.1575863,22/02/2011,2,1,1,1,1,2,1,0,0,0,0,0,0,0,0,0,0,0,0
25,Fishwiwes Causeway,EH7 6GH,11,55.9546161,-3.1269441,16/09/2008,3,2,1,1,3,2,1,0,0,1,1,0,0,1,0,0,0,1,0
26,Cluny Place,EH10 4RH,3,55.9264456,-3.2011055,23/06/2010,3,1,1,1,1,2,1,0,0,0,0,0,0,0,0,0,0,0,0
27,Newton Street,EH11 1TQ,13,55.9378762,-3.2307985,15/10/2008,2,1,1,1,1,1,1,0,0,1,1,1,1,1,1,1,0,0,0
28,East Market Street,EH1 1DH,6,55.9514953,-3.1851808,,1,1,1,1,1,1,1,0,0,0,0,0,0,0,0,0,0,0,0
29,Barn Park,EH14 3HX,10,55.9113741,-3.2789957,,3,1,1,1,2,2,1,0,0,1,1,1,0,1,1,0,0,0,0
30,Teviot Dale Place,EH3 5HY,4,55.9616298,-3.2082103,02/02/2011,2,1,1,1,2,3,1,0,0,1,1,1,0,1,0,0,0,0,0
31,Cheyne Street,EH4 1JA,4,55.9585955,-3.2128399,22/10/2010,2,1,1,1,2,2,2,0,0,1,1,0,0,1,0,0,0,0,0
32,Etterick Road,EH10 5EP,3,55.9337172,-3.2204404,17/09/2008,3,1,1,1,1,2,1,0,0,1,0,1,0,1,0,0,0,0,0
33,Roseneath Place,EH9 1JP,3,55.9389509,-3.1933534,08/09/2009,2,1,1,1,2,2,1,0,0,1,1,0,0,1,0,0,0,0,0
34,Murrayburn Gate,EH14 2RW,13,55.9161152,-3.2836435,,2,1,1,1,1,1,1,0,0,0,0,0,0,0,0,0,0,0,0
35,Arnott Gardens,EH14 2LB,10,55.9191083,-3.2592647,10/06/2010,3,1,1,1,2,2,1,0,0,0,0,0,0,0,0,0,0,0,0
36,Kaimes Road,EH12 6JT,15,55.9449509,-3.2738058,25/02/2009,3,1,1,1,2,2,1,0,0,1,1,0,0,1,0,0,0,0,0
37,Ardshiel Avenue,EH4 7LH,9,55.9529428,-3.2906099,25/02/2009,3,2,1,1,2,2,1,0,0,0,0,1,0,1,0,0,0,1,0
38,Gogar Station,EH12 9BS,14,55.9291069,-3.325867,15/10/2010,3,1,1,1,1,1,1,0,0,1,0,1,0,1,0,0,0,0,1
39,Robertson Close,EH1 1LU,6,55.9484987,-3.1859952,20/01/2011,1,2,1,3,1,2,2,0,0,1,1,0,0,1,1,1,0,1,0
40,Durham Avenue,EH15 1RY,1,55.9462011,-3.1256204,,3,1,1,1,1,1,1,0,0,0,0,0,0,0,0,0,0,0,0
41,Priory Grove,EH30 9LZ,14,55.9852464,-3.3994795,09/06/2010,3,1,1,1,1,1,1,0,0,0,0,0,0,0,0,0,0,0,0
42,Parliament Square,EH1 1RF,6,55.9492163,-3.1902983,10/06/2009,1,1,1,1,2,2,1,0,0,1,1,0,0,1,0,0,0,0,0
43,Echline Drive,EH30 9UX,14,55.9865049,-3.4155481,09/12/2008,3,1,1,1,2,2,1,0,0,1,0,1,0,1,0,0,0,0,0
44,Gillsland Road,EH10 5BL,3,55.9320996,-3.2216976,22/02/2011,3,1,1,1,2,2,1,0,0,0,0,1,0,1,0,0,0,0,0
45,Roull Road,EH12 7JW,15,55.9359031,-3.2808765,10/06/2009,3,1,1,1,2,2,1,0,0,1,1,0,0,1,0,0,0,0,0
46,Torduff Road,EH13 0PA,5,55.8959358,-3.270954,11/02/2011,3,1,1,1,1,1,1,0,0,0,0,0,0,0,0,0,0,0,0
47,Sighthill Drive,EH11 4QJ,13,55.9197606,-3.2831379,27/01/2010,3,1,1,1,1,1,1,0,0,0,0,0,0,0,0,0,0,0,0
48,Dalmahoy Crescent,EH14 7BX,10,55.8903051,-3.3413003,14/10/2008,3,1,1,1,2,2,1,0,0,0,0,0,0,0,0,0,0,0,0
49,Broughton Road,EH7 4QH,12,55.9653655,-3.1899846,25/06/2009,2,1,2,1,1,1,1,0,0,1,0,0,1,1,0,0,0,0,0
50,Walkers Wynd,EH14 2TD,13,55.916778,-3.2764967,28/04/2008,2,1,1,1,1,1,1,0,0,1,0,1,0,1,0,0,0,0,0
51,Admiral Terrace,EH10 4JH,3,55.9382206,-3.2083627,17/09/2008,2,1,1,2,1,2,1,0,0,1,1,1,1,1,0,0,0,0,0
52,Braid Hills Cres,EH10 6LJ,3,55.9168728,-3.2097538,,3,1,1,1,2,2,1,0,0,0,0,0,0,0,0,0,0,0,0
53,Bramble Drive,EH4 8BW,9,55.9579551,-3.3048606,28/04/2010,3,1,1,1,2,2,1,0,0,1,0,1,0,1,0,0,0,0,0
54,Hyvot Mill Drive,EH17 8NE,16,55.9053804,-3.1416107,26/04/2010,3,1,1,1,1,1,1,0,0,0,0,0,0,0,0,0,0,0,0
55,Jane Terrace,EH6 5NA,8,55.9700627,-3.1752044,18/08/2008,2,1,1,1,3,2,1,0,0,1,0,1,0,1,0,0,0,0,0
56,Marchbank Way,EH14 7LW,10,55.8804316,-3.3408033,27/01/2009,3,1,1,1,1,1,1,0,0,0,0,1,0,1,0,0,0,0,0
57,The Crescent (Morningside Rd),EH10 5NX,3,55.9241702,-3.211977,17/09/2008,3,1,1,1,1,3,1,0,0,0,1,0,1,1,0,0,0,0,0
58,Meggetland View,EH14 1XT,2,55.9263463,-3.2370096,10/06/2010,3,1,1,1,1,1,1,0,0,1,0,0,0,1,0,0,0,0,0
59,Barnton Park Crescent ,EH4 6EP,14,55.9612781,-3.2967243,12/06/2009,3,1,1,1,1,1,1,0,0,0,0,1,0,0,0,1,0,0,0
60,Cadiz Street,EH6 7BJ,8,55.9749128,-3.1642983,13/04/2009,2,2,1,1,2,2,1,0,0,1,1,1,1,1,0,1,0,1,0
61,Greendykes Loan,EH16 4HG,11,55.928411,-3.1285687,24/06/2008,2,1,1,1,2,1,1,0,0,0,0,0,0,0,0,0,0,0,0
62,Newmains Farm La,EH1 3EG,6,55.953252,-3.188267,,3,1,1,2,3,3,1,0,0,1,0,0,0,1,0,0,0,0,0
63,Upper Damside,EH4 3AY,4,55.9524482,-3.2187621,28/04/2008,3,1,1,1,2,2,1,0,0,1,1,0,1,1,0,1,0,0,0
64,Hillwood Road,EH28 8PU,14,55.9376249,-3.3902866,28/04/2010,3,1,1,1,2,2,1,0,0,0,0,0,0,0,0,0,0,0,0
65,Cba,EH1 3EG,6,55.953252,-3.188267,,3,1,1,1,2,1,1,0,0,1,0,0,0,1,0,0,0,0,0
66,Glenogle Road,EH3 5HT,4,55.9614081,-3.2062933,02/02/2011,2,1,1,1,2,3,1,0,0,1,0,0,0,1,0,0,0,0,0
67,Thornville Terrace,EH6 8DB,8,55.9663811,-3.162518,28/04/2008,2,1,1,1,2,2,1,0,0,1,0,0,0,1,0,0,0,0,0
68,Succoth Gardens,EH12 6BS,15,55.9499809,-3.2379987,27/01/2011,3,1,1,1,1,1,1,0,0,1,1,0,0,1,0,0,0,0,0
69,Kingsknowe Park,EH14 2JQ,10,55.9164015,-3.2608986,09/09/2009,3,1,1,1,2,1,1,0,0,0,0,0,0,0,0,0,0,0,0
70,Telford Gardens ,EH4 2PU,4,55.9641121,-3.2393939,11/06/2010,3,1,1,1,1,1,1,0,0,1,1,0,0,1,0,0,0,0,0
71,Beach Lane,EH15 1HU,11,55.9547073,-3.1139908,07/04/2008,2,1,1,1,2,1,1,0,0,0,1,0,0,1,0,0,0,0,0
72,Royal Park Terrace,EH8 8JB,1,55.9547061,-3.1602776,26/10/2010,2,1,1,1,1,1,1,0,0,1,0,0,0,1,1,0,0,0,0
73,Brighouse Park Cross,EH4 6GZ,14,55.9758138,-3.2952909,28/04/2010,3,1,1,1,1,1,1,0,0,0,0,0,0,0,0,0,0,0,0
74,West Mains Road,EH9 3JE,17,55.9245732,-3.1772136,17/12/2009,3,1,1,1,1,1,1,0,0,0,0,0,0,1,0,0,0,0,0
75,Muirhouse Parkway,EH4 5JJ,7,55.9739092,-3.259968,,2,3,3,3,2,2,1,0,0,1,1,1,1,1,0,1,0,1,0
76,Monkbarns Gardens,EH16 6DG,16,55.9162086,-3.1584711,08/09/2009,3,1,1,1,2,2,1,0,0,1,1,0,0,1,0,0,0,0,0
77,Bell Place,EH3 5HU,4,55.9617814,-3.2068537,14/12/2008,2,1,1,1,2,2,1,1,0,1,0,0,0,0,0,0,0,0,1
78,Chesser Crescent,EH14 1SP,2,55.9310472,-3.2486591,11/02/2011,3,1,1,1,1,1,1,0,0,0,1,0,0,1,0,0,0,0,0
79,Glenallan Drive,EH16 5RA,16,55.9235111,-3.1571756,17/12/2009,3,1,1,1,1,1,1,0,0,0,0,1,0,1,0,0,0,0,0
80,Brae Park,EH4 6DJ,14,55.9658973,-3.3112088,27/10/2009,3,1,1,1,2,2,1,0,0,1,0,0,1,1,0,0,0,0,0
81,Park Terrace,EH4 1DP,4,55.9603104,-3.2175518,09/01/2009,3,1,1,1,2,2,1,0,0,0,0,1,0,1,0,0,0,0,0
82,Parkhead View,EH11 4RU,13,55.9226301,-3.2781033,14/04/2010,3,1,1,1,1,2,1,0,0,1,0,1,0,1,0,0,0,0,0
83,Craiglockhart Crescent,EH14 1EZ,2,55.9189932,-3.2450619,22/02/2011,3,1,1,1,1,1,1,0,0,1,0,0,0,1,0,0,0,0,0
84,Cameron Park,EH16 5LA,17,55.930226,-3.1614447,26/04/2010,3,1,1,1,1,1,1,0,0,0,0,0,0,0,0,0,0,0,0
85,Murrayfield Road,EH12 6ER,15,55.9480684,-3.247708,21/10/2008,3,1,1,1,1,1,1,0,0,0,0,1,0,1,0,0,0,0,0
86,Bread Street Lane,EH3 9AF,6,55.9455499,-3.20454,24/06/2009,1,1,1,1,3,1,1,0,0,1,1,1,1,1,0,0,0,0,0
87,Rillbank Crescent,EH9 1LJ,17,55.9393939,-3.1896887,,2,1,1,1,1,2,1,0,0,1,1,0,0,1,0,0,0,0,0
88,Spittal Street,EH3 9AR,6,55.9462207,-3.2031494,09/06/2010,1,1,1,1,1,2,1,0,0,1,0,0,0,1,0,0,0,0,0
89,Dalkeith Road,EH16 5AH,17,55.9352504,-3.1689161,08/09/2009,3,1,1,1,2,2,1,0,0,0,0,0,0,1,0,0,0,0,0
90,Drum Brae Gardens,EH12 8SY,9,55.9486438,-3.2936983,25/02/2009,3,1,1,1,2,2,1,0,0,0,0,0,0,0,0,0,0,0,0
91,Gladstone Place,EH6 7LX,8,55.9699043,-3.1591206,16/12/2009,3,1,1,1,1,3,2,0,0,1,1,1,0,1,0,0,0,0,0
92,Forkenford,EH16 4EZ,17,55.936412,-3.1442467,05/02/2011,3,1,1,1,1,1,1,0,0,0,0,0,0,0,0,0,0,0,0
93,Bonnington Avenue,EH6 5QH,12,55.972138,-3.1880854,29/04/2010,3,1,1,1,2,2,1,0,0,1,0,0,0,1,0,0,0,0,1
94,Mcleod Street,EH11 2ND,13,55.9395389,-3.2308777,08/06/2010,2,1,1,1,1,1,1,2,0,0,0,1,0,1,0,0,0,0,0
95,Durar Drive,EH4 7HW,9,55.952542,-3.2913325,03/09/2008,3,1,1,1,2,2,1,0,0,1,1,1,1,1,0,1,0,0,0
96,Kyle Place,EH7 5XH,6,55.956651,-3.1715014,28/10/2010,2,1,1,2,4,3,1,0,0,1,0,0,0,1,0,0,0,0,0
97,Fairbrae,EH11 3GZ,13,55.9270074,-3.27284,10/06/2009,3,1,1,1,1,1,1,0,0,0,0,0,0,0,0,0,0,0,0
98,Westfield Court,EH11 2RH,13,55.9369865,-3.2425772,09/09/2009,2,1,1,1,1,1,1,0,0,0,1,0,0,1,0,0,0,0,0
99,Meadowbank Terrace,EH8 7AJ,1,55.9547911,-3.1562781,26/10/2010,2,1,1,1,1,1,1,0,0,0,1,0,0,1,0,0,0,0,0
100,Albany Lane,EH1 3QP,6,55.9576799,-3.1911016,22/02/2011,2,1,1,1,2,2,1,0,0,1,0,0,0,1,0,0,0,0,0
101,Cammo Brae,EH4 8ET,14,55.9594634,-3.3142107,27/01/2011,3,1,1,1,1,2,1,0,0,0,0,0,0,0,0,0,0,0,0
102,South Mellis Park,EH8 7TP,1,55.9536473,-3.1381538,,3,1,1,1,2,1,1,0,0,1,0,0,0,1,0,0,0,0,0
103,Lasswade Road,EH17 8JA,16,55.9036484,-3.1480282,23/06/2010,3,1,1,1,1,1,1,0,0,0,0,0,0,0,0,0,0,0,0
104,Silverknowes Court,EH4 5NP,14,55.9697765,-3.2694854,18/08/2008,3,1,1,1,2,2,1,0,0,0,0,0,0,0,0,0,0,0,0
105,Parkhead Loan,EH11 4RE,13,55.9246062,-3.2701037,11/02/2011,3,1,1,1,2,2,1,0,0,1,1,0,0,1,0,0,0,0,0
106,Riddles Close,EH1 3EG,6,55.953252,-3.188267,19/09/2008,1,1,1,3,1,1,1,0,0,1,1,0,0,1,0,0,0,0,0
107,Rannoch Place,EH4 7HH,9,55.9550245,-3.2845449,18/08/2008,3,1,1,1,3,3,1,0,0,0,1,1,0,1,0,0,0,0,0
108,Thomson Grove,EH14 5HZ,10,55.9006913,-3.301459,11/02/2011,3,1,1,1,2,2,1,0,0,0,0,0,0,0,0,0,0,0,0
109,Newington Road,EH9 1QU,17,55.9382354,-3.1787945,22/02/2011,2,1,1,1,1,1,1,1,0,1,0,0,0,1,0,0,0,0,0
110,Liberton Road,EH16 5QT,16,55.9230812,-3.1671113,15/10/2010,3,1,1,1,1,1,1,0,0,0,0,0,0,0,0,0,0,0,0
111,House O'Hill Row,EH4 2AW,4,55.9628068,-3.2575141,08/09/2009,3,1,1,1,2,2,1,0,0,1,0,0,0,1,0,0,0,0,0
112,Barnton Loan,EH4 6JQ,14,55.9663258,-3.2825997,,3,1,1,1,2,1,1,0,0,1,0,0,0,1,0,0,0,0,0
113,Corslet Crescent,EH14 5HR,10,55.8994997,-3.304657,29/10/2010,3,1,1,1,2,2,1,0,0,1,0,0,0,1,0,0,0,0,0
114,Oxgangs Broadway,EH13 9LQ,5,55.9056481,-3.2227626,25/02/2009,3,2,1,2,1,1,1,2,1,1,1,1,0,1,0,0,0,1,0
115,Wardieburn Place South,EH5 1DX,7,55.977295,-3.2266429,30/06/2009,3,2,1,1,2,2,1,0,0,1,0,1,1,1,0,0,0,1,0
116,Hallcroft Rise,EH28 8RX,10,55.9212899,-3.3901983,,3,1,1,1,1,2,1,0,0,1,1,1,0,1,0,0,0,0,0
117,Broad Wynd,EH6 6QZ,8,55.9756477,-3.1696753,08/09/2009,2,1,1,1,2,2,1,0,0,1,0,0,0,1,0,0,0,0,1
118,Buckstone Green,EH10 6UF,5,55.9062104,-3.2006348,28/04/2008,3,1,1,1,1,1,1,0,0,0,0,1,0,1,0,0,0,0,0
119,Salvesen Street,EH4 5JX,7,55.9754122,-3.2554493,25/02/2009,3,1,1,1,2,2,1,0,0,0,0,0,0,0,0,0,0,0,0
120,Craighouse Avenue,EH10 5LN,3,55.9240201,-3.2228475,15/10/2010,3,2,1,1,2,2,1,0,0,1,0,1,0,1,0,0,0,1,0
121,Strachan Gardens,EH4 3RY,4,55.957944,-3.2611173,02/02/2011,3,1,1,1,2,2,1,0,0,0,1,0,1,1,0,0,0,0,0
122,Burnets Close,EH1 1QU,6,55.9497514,-3.1889794,,1,2,1,1,1,1,1,0,0,1,0,0,0,1,0,0,0,1,0
123,West Werberside,EH4 1SX,4,55.9671532,-3.2301019,26/06/2010,3,1,1,1,2,2,1,0,0,1,0,0,0,1,0,0,0,0,0
124,Kerr Street,EH3 6EG,4,55.957626,-3.2080435,21/10/2008,2,1,1,1,1,1,1,0,0,1,0,0,0,1,0,0,0,0,0
125,Academy Street,EH6 7EF,8,55.9705437,-3.1700379,29/04/2010,2,1,1,1,1,2,1,0,0,1,0,0,0,1,0,0,0,0,0
126,Meadowfield Gardens,EH8 7NT,1,55.9441421,-3.1425291,09/10/2008,3,1,1,1,2,2,1,0,0,0,1,1,0,1,0,0,0,0,0
127,Stuart Wynd,EH12 8XU,9,55.9488362,-3.3035919,27/01/2011,3,1,1,1,1,1,1,0,0,1,0,0,0,1,0,0,0,0,0
128,St Leonards Bank,EH8 9SQ,17,55.9429464,-3.1763184,23/06/2010,2,1,1,1,2,2,1,0,0,1,0,0,0,1,0,0,0,0,0
129,Carmel Road,EH29 9DD,14,55.9552028,-3.4087083,27/01/2010,3,1,1,1,1,2,1,0,0,0,0,0,0,0,0,0,0,0,0
130,Rowantree Grove,EH14 5AT,10,55.8936329,-3.3246973,05/09/2008,3,1,1,1,2,2,1,0,0,1,0,0,0,1,0,1,0,0,0
131,Seacot,EH6 7QG,8,55.9682664,-3.1501905,25/02/2009,3,1,1,1,2,2,1,0,0,0,0,0,0,0,0,0,0,0,0
132,Redford Walk,EH13 0AG,5,55.9064085,-3.2430596,09/09/2009,3,1,1,1,1,1,1,0,0,0,0,0,0,0,0,0,0,0,0
133,Currievale Drive,EH14 5RP,10,55.89691,-3.3240963,09/09/2009,3,1,1,1,2,1,1,0,0,0,0,0,0,0,0,0,0,0,0
134,Alnwickhill Grove,EH16 6YA,16,55.9052456,-3.1712442,24/06/2008,3,1,1,1,1,1,1,0,0,0,0,0,0,0,0,0,0,0,0
135,Deanpark Court,EH14 7EG,10,55.879687,-3.3453398,10/06/2010,3,1,1,1,2,2,1,0,0,1,1,1,0,1,0,0,0,0,0
136,Corstorphine House Terrace,EH12 7AD,15,55.9415224,-3.2799596,24/06/2010,3,1,1,1,3,3,1,0,0,1,0,1,0,1,0,0,0,0,0
137,Browns Place,EH1 2HX,6,55.9465744,-3.1969364,12/05/2008,1,1,1,1,1,1,1,1,0,1,0,0,0,1,0,0,0,0,0
138,Brandon Street,EH3 5DX,4,55.9613423,-3.2014541,30/06/2009,2,1,1,1,2,1,1,0,0,1,0,0,0,1,0,0,0,0,0
139,Carricknowe Loan,EH12 7DZ,15,55.9345272,-3.2747056,17/06/2008,3,1,1,1,3,2,1,0,0,1,1,0,0,1,0,0,0,0,1
140,Woodhall Avenue0,EH14 5BU,10,55.9057712,-3.2819139,10/06/2010,3,1,1,1,2,2,1,0,0,1,0,1,0,1,0,0,0,0,0
141,Figgate Street,EH15 1JQ,11,55.9545187,-3.1152819,16/06/2010,2,1,1,1,2,2,1,0,0,1,0,1,0,1,0,0,0,0,0
142,Grove Street,EH3 8FF,2,55.9445293,-3.2120024,18/09/2008,2,1,1,1,1,2,1,0,0,1,0,0,1,1,0,0,0,0,0
143,Annandale Street Lane,EH7 4LS,12,55.96098,-3.1824581,26/06/2010,2,1,1,1,1,1,1,0,0,1,0,1,0,1,0,0,0,0,0
144,Corstorphine Hill Avenue,EH12 6LF,15,55.9463785,-3.2767827,24/06/2010,3,1,1,1,2,2,1,0,0,0,0,0,0,0,0,0,0,0,0
145,Coben Road,EH9 2BJ,17,55.9324681,-3.1709715,15/10/2010,3,1,1,1,1,2,1,0,0,0,1,1,0,1,0,0,0,0,0
146,Bruntsfield Place,EH10 4HG,3,55.9376375,-3.2061149,18/08/2008,2,1,1,1,1,1,1,0,0,1,0,0,0,1,0,0,0,0,0
147,Brunstane Crescent,EH15 2NX,11,55.9440469,-3.0921491,24/06/2008,3,1,1,1,2,1,1,0,0,0,0,1,0,1,0,0,0,1,0
148,Richmond Place,EH8 9ST,17,55.9464663,-3.1833126,16/12/2008,2,1,1,1,1,2,1,0,0,1,1,1,1,1,0,0,0,0,0
149,Moredun Park Court,EH17 7EY,16,55.9129876,-3.1396709,22/02/2011,3,1,1,1,2,2,1,0,0,1,0,0,1,1,0,0,0,0,0
150,Foulis Crescent ,EH14 5BN,10,55.9063908,-3.2802562,17/06/2009,3,1,1,1,1,1,1,0,0,0,0,0,0,1,0,0,0,0,0
151,Woodhall Drive,EH14 5BT,10,55.9045517,-3.2846968,11/02/2011,3,1,1,1,1,2,1,0,0,1,1,0,0,1,0,0,0,0,0
152,Clarebank Crescent,EH6 7NJ,8,55.968258,-3.1567154,16/12/2009,3,1,1,1,2,2,1,0,0,1,1,1,0,1,1,0,0,0,0
153,Haughhead Farm,EH1 3EG,6,55.953252,-3.188267,17/06/2009,4,1,1,1,1,1,1,0,0,0,0,0,0,0,0,0,0,0,0
154,Echline Gardens,EH30 9UT,14,55.9874239,-3.4145654,24/06/2010,3,1,1,1,2,2,1,0,0,0,0,0,0,0,0,0,0,0,0
155,North Street Ratho,EH28 8RR,10,55.9215719,-3.3842281,10/06/2010,3,1,1,1,2,1,1,0,0,1,0,1,0,1,0,0,0,0,0
156,Maxwell Street,EH10 5HU,3,55.9261476,-3.2119207,09/10/2008,2,1,1,1,2,2,1,2,0,1,0,0,0,1,0,0,0,0,0
157,Campbell Park Drive,EH13 0HS,5,55.9031289,-3.2711748,29/10/2010,3,1,1,1,2,3,1,0,0,1,0,1,0,1,0,0,0,0,0
158,Cleikiminrig,EH15 3QZ,11,55.9327371,-3.1099153,24/06/2008,3,1,1,1,2,1,1,0,0,0,1,0,0,1,0,0,0,0,0
159,Spa Place,EH15 1TR,11,55.9553703,-3.114449,29/10/2009,2,1,1,1,1,1,1,0,0,0,0,0,0,0,0,0,0,0,0
160,Bingham Avenue,EH15 3JB,11,55.9398464,-3.1223339,08/09/2009,3,1,1,1,1,1,1,0,0,1,0,0,0,1,0,0,0,0,0
161,Hillview Road,EH12 8QF,15,55.9475673,-3.2879445,09/09/2009,3,1,1,1,2,2,1,0,0,0,0,0,0,0,0,0,0,0,0
162,Beresford Place,EH5 3SL,7,55.975353,-3.2037314,29/04/2010,3,1,1,1,2,2,1,0,0,0,0,0,0,0,0,0,0,0,0
163,Kirk Cramond,EH4 6NS,14,55.9781653,-3.2995667,12/06/2009,3,1,1,1,1,1,1,0,0,0,1,1,0,1,0,0,0,0,0
164,Craigleith Hill,EH4 2EG,4,55.9568962,-3.2384128,14/06/2010,3,1,1,1,2,2,1,0,0,1,1,0,0,1,0,0,0,0,0
165,Western Terrace,EH12 5QD,15,55.9447673,-3.2482319,03/09/2008,3,1,1,1,1,1,1,0,0,1,1,1,0,1,0,0,0,0,0
166,Scotstoun Green Sq Ferry,EH1 3EG,6,55.953252,-3.188267,27/01/2011,3,1,1,1,2,2,1,0,0,1,0,0,0,1,0,0,0,0,0
167,Moredun Dykes Road,EH17 8PT,16,55.9059501,-3.1380525,16/12/2008,3,1,1,1,2,1,1,0,0,0,0,1,0,1,0,0,0,0,0
168,Wardie House Lane,EH5 3RL,7,55.9795937,-3.213892,29/04/2008,3,1,1,1,1,1,1,0,0,0,0,0,0,0,0,0,0,0,0
169,Westerhailes Park,EH14 3AG,10,55.9137886,-3.2783014,,2,2,1,1,2,1,1,0,0,1,1,1,0,1,0,0,0,1,0
170,Marchall Place,EH8 9BJ,17,55.9457401,-3.1866497,05/02/2011,3,1,1,1,1,2,1,0,0,0,0,0,0,1,0,0,0,0,0
171,Church Hill Place,EH10 4BD,3,55.9321571,-3.2094347,03/11/2009,2,1,1,1,1,2,1,0,0,0,1,0,0,1,0,0,0,0,0
172,Craigmount Loan,EH12 8DJ,9,55.9506819,-3.2991709,09/09/2009,3,1,1,1,1,1,1,0,0,0,0,0,0,0,0,0,0,0,0
173,Wolrige Road,EH16 6HX,16,55.9148725,-3.1637904,10/06/2009,3,1,1,1,1,1,1,0,0,0,0,0,0,0,0,0,0,0,0
174,Riselaw Crescent,EH10 6HN,3,55.9127749,-3.2112559,18/06/2009,3,1,1,1,4,2,1,0,0,0,0,0,0,0,0,0,0,0,0
175,Ferry Road Place,EH4 4AX,7,55.9683032,-3.2460188,16/12/2009,2,1,1,2,1,2,1,0,0,1,0,0,0,1,0,1,0,0,0
176,Comiston Drive,EH10 5QS,3,55.9202418,-3.2169675,22/02/2011,2,1,1,1,2,2,1,0,0,1,0,0,0,1,0,0,0,0,0
177,Alderbank Terrace,EH11 1SZ,2,55.9312623,-3.2323928,25/02/2009,2,1,1,1,2,2,1,0,0,1,0,1,0,1,0,0,0,0,0
178,Hillend Place,EH8 7AE,1,55.9548893,-3.1513231,,3,1,1,1,1,2,1,0,0,1,1,0,0,1,0,0,0,0,0
179,Swanston Village,EH10 7DT,5,55.887753,-3.217244,11/02/2011,2,1,1,1,1,1,1,0,0,0,0,0,0,0,0,0,0,0,0
180,Upper Dean Place,EH4 1NU,4,55.9559696,-3.211505,22/06/2010,3,1,1,1,1,3,1,0,0,1,0,0,0,1,0,0,0,0,0
181,Southfield Terrace,EH15 1RE,1,55.943412,-3.1290636,08/09/2009,3,1,1,1,2,2,1,0,0,1,0,0,0,1,0,0,0,0,0
182,Cavalry Park Drive,EH15 3QG,1,55.9411921,-3.1403515,08/09/2009,3,1,1,1,2,2,1,0,0,1,0,0,0,1,0,0,0,0,0
183,Echline Place,EH30 9XB,14,55.986966,-3.4127196,24/06/2010,3,1,1,1,2,2,1,0,0,0,0,0,0,0,0,0,0,0,0
184,West Bow,EH1 2LJ,6,55.9475383,-3.1962969,22/06/2010,1,1,1,1,1,2,1,0,0,1,0,1,0,1,0,0,0,0,0
185,Baird Avenue,EH12 5RU,15,55.9403003,-3.249547,23/06/2009,3,1,1,1,2,2,1,0,0,0,0,0,0,0,0,0,0,0,0
186,Balgreen Gardens ,EH12 5UG,15,55.9414003,-3.2583477,15/06/2010,3,1,1,1,2,1,1,0,0,1,0,0,0,1,0,0,0,0,0
187,South Steil,EH10 5XF,2,55.9169792,-3.2272856,10/06/2010,3,1,1,1,2,2,1,0,0,0,0,0,0,0,0,0,0,0,0
188,St Andrews Square,EH2 2LL,6,55.9542321,-3.1936847,31/10/2008,1,1,1,1,1,1,1,1,0,0,0,0,0,0,0,0,0,0,0
189,Boswell Place,EH5 3RE,7,55.97467,-3.21512,12/06/2009,3,1,1,1,2,2,1,0,0,1,1,0,0,1,0,0,0,0,0
190,Inglis Green Road,EH14 2EP,13,55.923988,-3.2525478,23/06/2009,3,1,1,2,2,1,1,0,0,1,1,1,0,1,0,0,0,0,0
191,Whins Place,EH15 1JQ,11,55.9543708,-3.1150314,,2,1,1,1,2,2,1,0,0,1,1,0,0,1,0,0,0,0,0
192,Dumbryden Drive,EH14 2AA,13,55.919876,-3.2726683,10/06/2010,2,1,1,1,2,2,1,0,0,1,0,1,0,1,0,0,0,0,0
193,Baberton Mains Wynd,EH14 5DU,10,55.9072958,-3.2859089,14/10/2008,3,1,1,1,1,1,1,0,0,0,0,0,0,0,0,0,0,0,0
194,Grays Court,EH1 1NL,6,55.9495048,-3.1849083,18/09/2008,2,1,1,1,1,3,1,0,0,1,0,0,0,1,0,0,0,0,0
195,Pilrig Gardens,EH6 5AZ,12,55.9669121,-3.1834533,22/10/2010,2,2,1,1,2,2,1,0,0,1,1,1,0,1,0,0,0,1,0
196,North Gyle Road,EH12 8ER,9,55.9435308,-3.3014894,09/12/2008,3,1,1,1,2,2,1,0,0,0,0,0,0,1,0,0,0,0,0
197,Peffer Place Industrial Estate,EH1 3EG,6,55.953252,-3.188267,28/01/2010,3,1,1,1,1,1,1,0,0,0,1,0,0,1,0,0,0,0,0
198,Vivian Terrace,EH4 5DZ,14,55.9649404,-3.2672782,23/06/2009,3,1,1,1,1,2,1,0,0,1,0,0,0,1,0,0,0,0,0
199,Forrester Road,EH12 8AE,15,55.9444782,-3.2847275,,3,1,1,1,1,2,1,0,0,0,1,1,0,1,0,0,0,0,0
200,Burdiehouse Street,EH17 8HA,16,55.8968439,-3.1562928,27/01/2011,3,1,1,1,1,2,1,0,0,1,0,0,0,1,0,1,0,0,0
201,Blinkbonny Grove West,EH4 3HJ,4,55.9551788,-3.2420393,02/02/2011,3,1,1,1,3,3,1,0,0,1,0,0,0,1,0,0,0,0,0
202,Kingsknowe Terrace,EH14 2JJ,10,55.9174013,-3.2621945,11/02/2011,3,1,1,1,2,2,1,0,0,0,0,0,0,0,0,0,0,0,0
203,Nicolson Street,EH8 9DE,17,55.9455566,-3.1846324,21/06/2010,1,1,1,1,1,1,1,0,0,1,0,0,0,1,0,0,0,0,0
204,South Lauder Road,EH9 2LJ,17,55.9307846,-3.1820111,27/01/2011,3,1,1,1,1,3,1,0,0,1,0,0,0,1,0,0,0,0,0
205,Durham Drive,EH15 1PQ,11,55.943939,-3.1207926,24/06/2008,3,1,1,1,2,1,1,0,0,0,1,0,1,1,0,0,0,0,0
206,Pentland View,EH10 6PS,5,55.9080028,-3.212966,21/10/2009,3,1,1,1,1,1,1,0,0,1,0,0,0,1,0,0,0,0,0
207,Wester Drylaw Avenue,EH4 2UE,4,55.9636336,-3.2516393,29/04/2008,3,2,1,1,2,2,1,0,0,1,0,1,0,1,0,0,0,1,0
208,Main Street Ratho,EH28 8RB,10,55.9220141,-3.3791269,,3,1,1,1,2,1,1,1,0,1,0,1,0,1,0,0,0,0,0
209,Saughton Park,EH12 5TQ,15,55.9412729,-3.2533495,28/04/2010,3,1,1,1,3,3,1,0,0,0,1,1,0,1,0,0,0,0,0
210,Leamingston Terrace,EH10 4JL,3,55.9390276,-3.2078757,26/04/2010,2,1,1,2,1,1,1,0,0,1,0,1,0,1,0,0,0,0,0
211,Boswall Terrace,EH5 2EL,7,55.9741513,-3.2221914,29/04/2008,3,1,1,1,1,1,1,0,0,0,0,0,0,0,0,0,0,0,0
212,Carrick Knowe Road,EH12 7BL,15,55.9342475,-3.2720595,28/04/2010,3,2,1,1,3,3,1,0,0,0,1,0,0,1,0,0,0,1,0
213,Elliot Place,EH13 0PN,5,55.9152287,-3.2420967,28/04/2009,3,1,1,1,2,3,1,0,0,0,1,0,1,1,0,0,0,0,0
214,Craigcrook Terrace ,EH4 3PJ,4,55.9558668,-3.2602162,11/06/2010,3,1,1,1,2,2,1,2,1,1,1,0,0,1,0,0,0,0,0
215,Granton Crescent,EH5 1BL,7,55.9796738,-3.2260536,29/04/2008,3,2,1,1,2,2,1,1,0,1,0,0,0,1,0,0,0,1,0
216,Duddingston Rd West,EH15 3QE,1,55.9398973,-3.1448679,,3,1,1,1,2,1,1,0,0,0,0,0,0,1,0,0,0,0,0
217,Gullans Close,EH8 8JW,6,55.9499368,-3.1829239,,1,1,1,1,1,2,1,0,0,1,0,0,0,1,0,0,0,0,0
218,Roull Place,EH12 7JS,15,55.9359155,-3.2813623,22/02/2011,3,1,1,1,1,1,1,0,0,0,0,0,0,0,0,0,0,0,0
219,East Farm Of Gilmerton,EH17 8TG,16,55.9058624,-3.1297181,24/06/2008,3,1,1,1,2,1,1,0,0,1,1,1,0,1,0,0,0,0,0
220,Mearenside,EH12 8UQ,9,55.9508057,-3.3066978,18/08/2008,3,1,1,1,2,2,1,0,0,0,0,0,0,0,0,0,0,0,0
221,Gogarloch Bank,EH12 9LA,9,55.9359962,-3.3015766,28/04/2010,3,1,1,1,2,2,1,0,0,0,0,1,0,1,0,0,0,0,0
222,Salamander Yards ,EH6 7HB,8,55.9719654,-3.154419,18/06/2010,2,1,1,1,1,2,1,0,0,1,1,1,0,1,0,0,0,0,0
223,Pennywell Gardens,EH4 4NX,7,55.9722232,-3.256968,24/06/2010,2,1,1,1,2,2,1,0,0,1,0,0,0,1,0,0,0,0,0
224,Promenade Portobello,EH15 2EE,11,55.9522643,-3.1042156,25/02/2009,2,1,1,1,1,2,1,0,0,0,0,0,0,0,0,0,0,0,0
225,Greenend Drive,EH17 7QG,16,55.9134873,-3.1504382,22/04/2009,3,1,1,1,2,2,1,0,0,0,0,0,0,0,0,0,0,0,0
226,Redbraes Place,EH7 4LL,12,55.9687281,-3.1877647,,2,1,1,1,1,2,1,0,0,1,0,0,1,1,0,0,0,0,0
227,Granton Gardens,EH5 1AX,7,55.9768903,-3.2226865,,3,2,2,2,2,2,1,0,0,1,1,1,1,1,0,1,0,1,0
228,Silverknowes Avenue,EH4 5HU,14,55.9681971,-3.2744179,28/04/2009,3,1,1,1,2,2,1,0,0,1,1,0,0,1,0,0,0,0,0
229,Parkside,EH16 5XJ,17,55.9416094,-3.1733662,,2,1,1,1,1,2,1,0,0,1,0,1,0,1,0,0,0,0,0
230,Inverleith Terrace Grove,EH3 5NP,4,55.9632978,-3.2030013,30/06/2009,3,3,1,1,1,3,1,0,0,1,0,1,0,1,0,0,0,1,0
231,Campbell Road,EH12 6DT,15,55.9491625,-3.2471523,,3,1,1,1,1,1,1,0,0,1,0,0,0,1,1,0,0,0,0
232,Park Crescent,EH16 6JD,16,55.9133386,-3.1578508,22/04/2009,3,1,1,1,2,1,1,0,0,0,0,0,0,0,0,0,0,0,0
233,Arthur Street Lane,EH6 5DR,12,55.9648357,-3.1784584,22/02/2011,2,1,1,1,1,1,1,0,0,1,1,0,0,1,0,0,0,0,0
234,Longcrook,EH1 3EG,6,55.953252,-3.188267,09/09/2009,3,1,1,1,2,2,1,0,0,0,0,0,0,0,0,0,0,0,0
235,New Mart Place,EH14 1TX,2,55.9281552,-3.2492688,22/02/2011,3,1,1,1,1,1,1,0,0,1,0,1,0,1,0,0,0,0,0
236,Findhorn Place,EH9 2NS,17,55.933789,-3.1801299,23/06/2010,3,1,1,1,1,2,1,0,0,0,0,0,0,0,0,0,0,0,0
237,Dalgety Avenue,EH7 5UE,1,55.9579208,-3.1621618,23/06/2009,2,1,1,1,1,2,1,1,0,1,0,0,0,1,0,0,0,0,0
238,Buckstone Hill,EH10 6TH,5,55.9086686,-3.2015727,09/09/2009,3,1,1,1,1,1,1,0,0,0,0,0,0,0,0,0,0,0,0
239,Belvedere Park,EH6 4LR,7,55.9781189,-3.1964541,29/04/2008,2,1,1,1,2,2,1,0,0,1,0,1,0,1,0,0,0,0,0
240,Willowbrae Road,EH8 7JD,1,55.9507115,-3.1409042,25/02/2009,3,1,1,1,2,1,1,0,0,1,0,0,0,1,0,0,0,0,0
241,Parkhead Gardens,EH11 4SQ,13,55.9239762,-3.2763822,18/08/2008,3,1,1,1,2,3,1,0,0,1,0,1,0,1,0,0,0,0,0
242,West Craigs Crescent,EH12 8LY,9,55.941637,-3.3145425,09/12/2008,3,1,1,1,2,3,1,0,0,0,1,0,0,1,1,0,0,0,0
243,Whitehorse Close,EH99 1SP,6,55.9527542,-3.1756988,08/09/2009,1,1,1,1,1,2,1,0,0,0,0,0,0,0,0,0,0,0,0
244,Niddrie Farm Grove,EH16 4DX,11,55.9316356,-3.1338883,08/09/2009,2,1,1,1,2,2,1,0,0,1,1,0,0,1,0,0,0,0,0
245,Marchhall Crescent,EH16 5HL,17,55.9363533,-3.168549,18/06/2009,3,1,1,1,2,3,1,0,0,1,0,0,0,1,0,0,0,0,0
246,Pentland Avenue,EH13 0HY,5,55.9078668,-3.2633371,25/02/2009,3,1,1,1,1,1,1,0,0,0,0,1,0,1,0,0,0,0,0
247,Glenlee Gardens,EH8 7HG,1,55.9527885,-3.14976,09/10/2008,3,1,1,1,1,1,1,0,0,0,0,0,0,0,0,0,0,0,0
248,Rodney Street,EH7 4EL,4,55.9619217,-3.1956448,25/06/2009,2,1,1,1,1,1,1,1,0,1,0,0,0,1,0,0,0,0,0
249,Corstorphine Bank Drive,EH12 8RN,15,55.945607,-3.2899499,12/10/2010,3,1,1,1,1,2,1,0,0,1,1,1,0,1,0,0,0,0,0
250,Stirling Road,EH5 3JA,7,55.9768031,-3.2099361,25/02/2009,3,1,1,1,1,1,1,0,0,0,0,0,0,0,0,0,0,0,0
251,New Craighall Drive,EH21 8SG,11,55.9340909,-3.0900318,,3,1,1,1,2,2,1,0,0,0,0,1,0,1,0,0,0,0,0
252,South Gyle Mains,EH12 9ER,9,55.9347994,-3.298578,09/09/2009,3,1,1,1,2,2,1,0,0,0,0,0,0,0,0,0,0,0,0
253,Mentone Gardens,EH9 2DJ,17,55.9312525,-3.1726009,22/04/2008,3,1,1,1,1,1,1,0,0,1,0,1,0,1,0,0,0,0,0
254,Primrose Bank Road,EH5 3JQ,7,55.9789363,-3.2088198,29/04/2010,3,1,1,1,2,2,1,0,0,1,0,1,1,1,0,0,0,0,0
255,Featherhall Crescent South,EH12 7UL,15,55.9411418,-3.2900068,18/08/2008,3,1,1,1,2,2,1,0,0,0,1,1,0,1,0,0,0,0,0
256,Thorntree Side,EH6 8FB,12,55.9665134,-3.1686508,24/06/2008,3,1,1,1,1,1,1,0,0,1,0,1,0,1,0,0,0,0,0
257,Hutchison Grove,EH14 1QR,2,55.9293437,-3.2431835,,3,1,1,1,2,1,1,0,0,1,0,0,0,1,0,0,0,0,0
258,Glenlee Avenue,EH8 7HQ,1,55.9530635,-3.1490592,28/01/2020,3,1,1,1,1,1,1,0,0,0,0,0,0,0,0,0,0,0,0
259,Iona Street,EH6 8SR,12,55.9636247,-3.17442,22/10/2010,3,1,1,2,2,2,1,0,0,1,1,1,1,1,0,1,0,1,0
260,Dovecot Road,EH12 7LE,15,55.9384992,-3.2829813,12/10/2010,3,1,1,1,2,2,1,0,0,1,0,1,0,1,0,0,0,0,0
261,Findlay Medway,EH7 6HE,1,55.9643271,-3.1489908,07/04/2008,3,1,1,1,2,1,1,0,0,0,1,1,0,1,0,0,0,0,0
262,Figgate Bank,EH15 1HX,11,55.9551416,-3.1122573,12/09/2008,2,2,1,1,1,2,1,0,0,1,0,1,0,1,0,0,0,1,0
263,Parkhead Place,EH11 4RQ,13,55.924771,-3.274556,25/02/2009,3,1,1,1,1,2,1,0,0,1,1,0,0,1,0,0,0,0,0
264,Craigleith Hill Gardens,EH4 2JJ,4,55.9594886,-3.2343384,02/02/2011,2,1,1,1,1,2,1,0,0,0,0,0,0,0,0,0,0,0,0
265,Meadow Place Rd,EH12 7QP,9,55.9374037,-3.2916098,,3,1,1,1,2,2,1,0,0,1,1,0,0,1,0,0,0,0,0
266,North Bughtlin Brae,EH12 8XH,9,55.954573,-3.3039958,18/08/2008,3,1,1,1,2,2,1,0,0,0,0,0,0,0,0,0,0,0,0
267,Madeira Place,EH6 4AN,8,55.9756224,-3.1832822,22/10/2010,2,2,1,1,1,1,1,0,0,0,0,0,0,0,0,0,0,0,0
268,Lanark Road West,EH14 5EN,10,55.9020103,-3.2888302,11/02/2011,3,1,1,1,2,2,1,0,0,1,0,0,0,1,0,0,0,0,0
269,Ferry Gair Drive,EH4 4GJ,7,55.966821,-3.2605078,24/06/2010,3,1,1,1,1,1,1,0,0,1,1,0,0,1,0,0,0,0,0
270,Wardieburn Place West,EH5 1EE,7,55.9776417,-3.2289001,14/12/2008,3,2,2,2,3,2,1,3,0,1,1,1,1,1,0,1,0,1,1
271,St Leonard'S Hill,EH8 9RZ,17,55.9438716,-3.1787452,21/06/2010,2,1,1,1,1,2,1,0,0,1,0,0,0,1,0,0,0,0,0
272,Craighall Avenue,EH6 4RP,7,55.9760288,-3.1958736,29/04/2010,3,1,1,1,2,2,1,0,0,1,0,0,0,0,1,1,0,0,0
273,Murieston Terrace,EH11 2LH,13,55.9401264,-3.2263845,23/06/2009,2,1,1,1,1,2,1,0,0,0,1,0,1,1,0,0,0,0,0
274,Relugas Gardens,EH9 2PU,17,55.9302618,-3.1789397,22/04/2009,3,1,1,1,1,1,1,0,0,0,0,0,0,0,0,0,0,0,0
275,Chancelot Terrace,EH5 3AA,4,55.9721422,-3.1975593,20/10/2009,3,1,1,1,2,2,1,0,0,1,1,1,0,1,1,0,1,0,0
276,Broombank Terrace,EH12 7NY,15,55.9336196,-3.28327,23/06/2009,3,1,1,1,2,2,1,0,0,0,1,1,0,1,0,0,0,0,0
277,Crarae Avenue ,EH4 3JD,4,55.9512925,-3.234979,15/06/2010,3,1,1,1,1,2,1,0,0,0,0,0,0,0,0,0,0,0,0
278,Old Liston Road,EH28 8SJ,14,55.939492,-3.4079927,24/06/2010,4,1,1,1,1,2,2,0,0,1,0,1,0,1,0,0,0,0,0
279,Cramond Green,EH4 6NJ,14,55.9748295,-3.3000075,12/10/2010,3,1,1,1,1,2,1,0,0,1,0,0,0,1,0,0,0,0,0
280,Gilmore Place Lane,EH3 9RQ,2,55.9417123,-3.2078193,21/10/2009,2,1,1,1,2,2,1,0,0,1,1,1,0,1,0,0,0,0,0
281,Meadowfield Terrace,EH8 7PD,1,55.9444756,-3.1411191,26/10/2010,2,1,1,1,1,1,1,0,0,0,1,0,0,1,0,1,0,0,0
282,North Bank Street,EH1 2NE,6,55.9499731,-3.1940404,19/09/2008,1,1,1,2,2,1,1,0,0,1,0,1,1,1,0,0,0,0,0
283,Greenend Gardens,EH17 7QH,16,55.9132509,-3.1497282,25/02/2009,3,1,1,1,1,2,1,0,0,0,0,0,0,0,0,0,0,0,0
284,Pinkhill,EH12 7FA,15,55.9412308,-3.2667091,03/09/2008,3,1,1,1,1,2,1,0,0,0,0,1,0,1,0,0,0,0,0
285,Cockburn Street,EH1 1NY,6,55.9506139,-3.1900501,09/06/2010,1,1,1,1,2,2,1,0,0,1,0,0,0,1,0,0,0,0,0
286,Kilchurn Court,EH12 8GH,9,55.9473415,-3.3079629,22/02/2011,2,1,1,1,2,2,1,0,0,0,0,0,0,0,0,0,0,0,0
287,Balgreen Road,EH12 5XE,15,55.9389459,-3.2513847,27/01/2011,3,1,1,1,2,2,1,0,0,0,0,0,0,1,0,0,0,0,0
288,Walker Drive,EH30 9RS,14,55.9903197,-3.4087762,25/02/2009,3,1,1,1,1,2,1,0,0,1,1,0,0,1,0,0,0,0,0
289,Dinnies Close,EH1 3EG,6,55.953252,-3.188267,31/10/2008,1,1,1,1,1,1,1,0,0,1,0,0,0,1,0,0,0,0,0
290,Buckstone Wynd,EH10 6UQ,5,55.9056714,-3.1996815,,3,1,1,1,1,1,2,0,0,0,0,0,0,0,0,0,0,0,0
291,Haddon'S Court,EH8 9EL,17,55.944245,-3.1826762,17/12/2009,2,1,1,1,1,1,1,0,0,0,0,0,0,0,0,0,0,0,0
292,Baberton Mains Row,EH14 3EH,10,55.9091092,-3.2840503,18/08/2008,3,1,1,1,3,3,1,0,0,0,0,0,0,0,0,0,0,0,0
293,Rankin Avenue,EH9 3DB,17,55.9259422,-3.1756218,23/06/2010,3,1,1,1,1,2,1,0,0,0,0,0,0,0,0,0,0,0,0
294,Carrubbers Close,EH1 1SF,6,55.950678,-3.1870061,28/10/2010,1,1,1,3,2,1,1,0,0,1,1,1,1,1,1,0,0,1,1
295,Fountainhall Road,EH9 2LN,17,55.931619,-3.1819378,11/06/2009,3,1,1,1,1,1,1,0,0,0,0,0,0,1,0,0,0,0,0
296,Turner Avenue,EH14 7BS,10,55.889578,-3.3438398,16/12/2008,3,1,1,1,2,2,1,0,0,0,1,0,1,1,0,0,0,0,0
297,Scotland Street Lane,EH3 6RU,6,55.9585484,-3.198235,24/06/2009,1,1,1,1,1,2,1,0,0,1,0,0,0,1,0,0,0,0,0
298,Farrer Terrace,EH7 6SE,1,55.9552951,-3.1308727,16/09/2008,3,1,1,1,2,2,1,0,0,1,1,0,0,1,0,0,0,0,0
299,Darly Gait,EH11 2AU,13,55.9443768,-3.2190251,10/06/2010,3,1,1,1,2,1,1,0,0,1,0,1,0,1,0,0,0,0,0
300,Queens Road,EH4 2DA,4,55.9589268,-3.2479397,16/12/2009,3,1,1,1,1,2,1,0,0,1,0,0,0,1,0,0,0,0,0
301,Murdoch Terrace,EH11 1BE,2,55.9398138,-3.2178129,27/01/2010,2,2,1,1,1,1,1,1,0,1,1,0,0,1,0,0,0,1,0
302,Hampton Place,EH12 5JA,15,55.9450456,-3.2280968,09/06/2009,3,1,1,1,2,2,1,0,0,1,0,0,0,1,0,0,0,0,0
303,Brunstane Road,EH15 2QX,11,55.9470225,-3.1020485,26/10/2010,3,1,1,1,1,1,1,0,0,0,1,0,0,1,0,0,1,0,0
304,Allan Park,EH29 9HA,14,55.957608,-3.4090137,28/04/2009,3,1,1,1,1,2,1,0,0,0,0,0,0,0,0,0,0,0,0
305,Queens Park Avenue,EH8 7ED,1,55.9540377,-3.1550027,25/06/2010,3,1,1,1,1,1,1,0,0,0,0,0,0,0,0,0,0,0,0
306,Carlton Street,EH4 1NE,4,55.957217,-3.2109277,24/06/2008,2,1,1,1,2,1,1,0,0,1,0,0,0,1,0,0,0,0,0
307,Morningside Road,EH10 4AX,3,55.9296324,-3.2096585,18/06/2009,2,1,1,1,1,1,1,0,0,0,0,0,0,0,0,0,0,0,0
308,Calton Hill Footpath 22-26,EH1 3EG,6,55.953252,-3.188267,30/10/2009,1,1,1,1,1,1,1,0,0,0,1,0,0,1,0,0,0,0,0
309,Mount Grange,EH9 2QX,17,55.9341468,-3.1955015,21/06/2010,2,1,1,1,1,1,1,0,0,0,0,0,0,0,0,0,0,0,0
310,Woodhall Bank,EH13 0HJ,5,55.9016086,-3.266984,,2,1,1,1,2,1,1,0,0,0,0,1,0,1,0,0,0,0,0
311,East Preston Street Lane,EH8 9QH,17,55.939023,-3.1782457,16/12/2008,3,1,1,1,1,1,1,0,0,0,0,0,0,0,0,0,0,0,0
312,Corbiehill Road,EH4 5EB,14,55.9639816,-3.2665821,22/10/2010,3,1,1,1,2,1,1,0,0,0,0,0,0,0,0,0,0,0,0
313,Queen'S Road,EH4 2DA,4,55.9589268,-3.2479397,22/02/2011,3,1,1,1,1,1,1,0,0,1,1,0,0,1,0,0,0,0,0
314,Trinity Grove,EH5 3HB,7,55.9761063,-3.2056247,02/02/2011,3,1,1,1,2,2,1,0,0,1,0,1,0,1,0,0,0,0,0
315,Murieston Crescent,EH11 2LL,13,55.9406639,-3.2265837,09/09/2009,2,1,1,1,1,1,1,0,0,1,0,0,0,1,0,0,0,0,0
316,East Pilton Farm Wynd,EH5 2GL,7,55.9731805,-3.2246374,29/04/2010,3,1,1,1,1,2,1,0,0,1,0,0,0,1,0,0,0,0,0
317,Horse Wynd,EH8 8AZ,6,55.9519602,-3.1737179,,1,1,1,1,1,1,1,0,0,1,0,0,0,1,0,0,0,0,0
318,Villa Road,EH30 9RF,14,55.9905563,-3.4000348,,4,1,1,1,1,1,1,0,0,0,0,0,0,1,0,0,0,0,0
319,Henderson Gardens,EH3 5DN,4,55.9602448,-3.2034947,22/10/2008,2,1,1,1,1,1,1,0,0,1,0,0,0,1,0,0,0,0,0
320,Albert Street,EH7 5LL,12,55.9625217,-3.1753456,19/08/2008,2,1,1,1,1,1,1,0,0,1,1,0,0,1,0,0,0,0,0
321,Ramsay Gardens,EH1 2NA,6,55.9493235,-3.1963552,26/04/2010,1,1,1,1,1,2,1,0,0,0,0,0,0,0,0,0,0,0,0
322,Torrance Park,EH4 7LF,9,55.953444,-3.2925536,25/02/2009,3,1,1,1,1,2,1,0,0,0,0,0,0,0,0,0,0,0,0
323,Hillwood Crescent Ratho,EH28 8QF,14,55.9370826,-3.3899789,28/01/2011,3,1,1,1,1,2,1,0,0,0,1,1,1,0,0,1,0,0,0
324,Bridge Road,EH13 0LG,5,55.9072498,-3.25745,21/10/2009,3,1,1,1,1,1,1,0,0,0,0,0,0,0,0,0,0,0,0
325,Pilton Drive,EH5 2HF,7,55.9724484,-3.2295863,19/08/2008,2,1,1,1,2,2,1,0,0,1,0,1,0,1,0,0,0,0,0
326,Hillsland Gardens,EH14 2QE,13,55.9175735,-3.2777203,,3,1,1,1,2,1,2,0,0,1,0,1,0,1,0,0,0,0,0
327,Bryce Crescent,EH14 5LL,10,55.8987641,-3.3067747,21/10/2009,3,1,1,1,1,1,1,0,0,0,0,0,0,0,0,0,0,0,0
328,Lochend Road,EH6 8BY,8,55.965876,-3.1637559,08/09/2009,3,1,1,1,1,1,1,0,0,0,0,0,0,0,0,0,0,0,0
329,Montpelier Park,EH10 4NH,3,55.9369558,-3.2114876,08/09/2009,2,1,1,1,2,2,1,0,0,1,1,0,0,1,0,0,0,0,0
330,Coillesdene Drive,EH15 2JD,11,55.9476647,-3.0952013,28/01/2010,3,1,1,1,1,1,1,0,0,0,0,0,0,0,0,0,0,0,0
331,Rosebank Gardens,EH5 3QR,7,55.9729738,-3.2137098,16/12/2009,3,1,1,1,2,2,1,0,0,0,0,1,0,1,1,0,0,0,0
332,Spybank Law Road,EH15 1TJ,11,55.9551794,-3.115977,25/02/2009,3,1,1,1,1,2,1,0,0,1,1,1,0,1,0,0,0,0,0
333,Mid Gillsland Road,EH10 5BW,3,55.9326318,-3.2219027,15/10/2010,3,1,1,1,2,2,1,0,0,0,1,1,1,1,0,0,0,0,0
334,Granville Terrace,EH10 4PG,3,55.9384153,-3.2149061,11/02/2011,3,1,1,1,2,1,1,0,0,1,0,0,0,1,0,0,0,0,0
335,Boswall Loan,EH5 1AR,7,55.9778254,-3.2224523,26/06/2010,3,1,1,1,2,2,1,0,0,1,1,0,0,1,0,0,0,0,0
336,Muirhouse Avenue,EH4 4PP,7,55.9700845,-3.2536885,08/09/2009,2,1,1,1,2,2,1,0,0,1,1,0,0,1,0,0,0,0,0
337,Niddrie House Park,EH16 4UL,11,55.9306402,-3.1225037,23/06/2009,2,2,1,1,2,2,1,0,0,1,1,1,0,1,0,0,0,1,0
338,Buckstone Neuk,EH10 6TU,5,55.9082943,-3.1980443,10/06/2010,3,1,1,1,2,2,1,0,0,0,1,0,0,1,0,0,0,0,0
339,Orwell Place,EH11 2AF,13,55.9429656,-3.2192017,,2,1,1,1,1,2,1,0,0,1,0,0,1,1,0,0,0,0,0
340,Clerwood Bank,EH12 8PZ,9,55.9505989,-3.2881487,,3,1,1,1,1,2,1,0,0,0,1,0,0,1,0,0,0,0,0
341,Loaning Road,EH7 6JU,1,55.9600385,-3.1456581,27/04/2009,3,1,1,1,2,1,1,0,0,1,1,0,0,1,0,0,0,0,0
342,Seafield Way,EH15 1EH,1,55.9642395,-3.1313167,16/09/2008,3,1,1,1,1,1,1,0,0,1,1,1,1,1,0,0,0,0,0
343,Cadogan Road,EH16 6LY,16,55.9125783,-3.1659127,23/06/2010,3,1,1,1,1,2,1,0,0,0,0,0,0,1,0,0,0,0,0
344,Gordon Road,EH12 6NE,15,55.944073,-3.2766119,09/12/2008,3,1,1,1,2,2,1,0,0,1,0,1,0,1,0,0,0,0,0
345,Harrison Place,EH11 1SF,2,55.9344744,-3.2282505,14/10/2008,2,1,1,1,2,1,1,0,0,0,0,1,0,1,0,0,0,0,0
346,Oxgangs Terrace,EH13 9BZ,5,55.9074625,-3.2308324,29/10/2010,3,1,1,1,3,3,1,0,0,1,1,1,0,1,0,0,0,0,0
347,Abercorn Crescent,EH8 7HP,1,55.9515257,-3.1461725,22/02/2011,3,1,1,1,2,1,1,0,0,0,1,0,0,1,0,0,0,0,0
348,Keith Row,EH4 3NJ,4,55.9562441,-3.2509076,,3,1,1,1,2,1,1,0,0,0,0,0,0,0,0,0,0,0,0
349,Murrayburn Road,EH11 4RX,13,55.9212982,-3.2772781,14/04/2010,2,1,1,1,1,1,1,0,0,0,0,0,0,0,0,0,0,0,0
350,Southhouse Loan,EH17 8HH,16,55.9005476,-3.1588252,15/10/2010,3,1,1,1,1,2,1,0,0,0,1,1,0,1,0,0,0,0,0
351,Fernieside Gardens,EH17 7HN,16,55.9117223,-3.1327874,25/02/2009,3,1,1,1,1,2,1,0,0,1,0,1,0,1,0,0,0,0,0
352,Silverknowes Grove,EH4 5NH,14,55.9700233,-3.2677321,01/05/2008,3,1,1,1,1,2,1,0,0,0,0,0,0,0,0,0,0,0,0
353,Shandon Place,EH11 1PN,2,55.9339631,-3.2307208,18/08/2008,2,2,1,1,2,2,1,0,0,1,0,1,1,1,0,0,0,1,0
354,Liberton Drive,EH16 6NW,16,55.9124358,-3.1709437,10/09/2008,3,1,1,1,1,2,1,0,0,1,0,1,0,1,0,0,0,0,0
355,Easter Drylaw Drive,EH4 2QX,4,55.9652753,-3.2427968,22/10/2008,3,1,1,1,2,2,1,0,0,0,1,0,0,1,0,0,0,0,0
356,East Barnton Avenue,EH4 6AH,14,55.9651236,-3.2801643,01/05/2008,3,1,1,1,2,2,1,0,0,1,0,1,1,1,0,0,0,0,0
357,South Maybury St,EH12 8NX,9,55.9422095,-3.3130137,,4,1,1,1,1,1,1,0,0,0,1,0,0,1,0,0,0,0,0
358,Parkgrove View,EH4 7QW,9,55.9586492,-3.2939892,,3,1,1,1,2,2,1,0,0,1,1,1,0,1,0,0,0,0,0
359,Rannoch Grove,EH4 7EH,9,55.9542291,-3.2835154,27/10/2009,3,1,1,1,2,2,1,0,0,0,0,1,0,1,0,0,0,0,0
360,St. Clair Road,EH6 8JJ,12,55.9651684,-3.168336,09/09/2008,2,1,1,1,1,1,1,0,0,1,0,1,0,1,0,0,0,0,0
361,East Hermitage,EH6 8AB,8,55.9696242,-3.161931,29/04/2010,2,1,1,1,1,1,1,0,0,0,1,0,0,0,0,1,0,0,0
362,Oxgangs Brae,EH13 9LT,5,55.9045246,-3.2214235,23/06/2009,3,1,1,2,2,1,1,0,0,1,1,1,0,1,0,0,0,0,0
363,Craigs Drive,EH12 8UW,9,55.9468858,-3.3017349,25/02/2009,3,1,1,1,2,2,1,0,0,1,1,0,0,1,0,0,0,0,0
364,North Fort Street,EH6 4HW,8,55.9771722,-3.1861777,,2,2,1,1,2,2,1,0,0,1,1,0,0,1,0,0,0,1,0
365,Cathcart Place,EH11 2HD,13,55.9426528,-3.223249,29/10/2010,2,1,1,1,3,2,1,0,0,1,1,0,0,1,0,0,0,0,0
366,Wheatfield Road,EH11 2PS,13,55.9376078,-3.2368443,10/06/2010,2,1,1,1,2,2,1,3,0,1,1,1,0,1,0,1,0,0,0
367,Broomhouse Medway,EH11 3SR,13,55.9299835,-3.2794488,28/04/2008,2,1,1,1,3,1,1,0,0,1,1,0,0,1,0,0,0,0,0
368,West Montgomery Place,EH7 5EZ,12,55.9598465,-3.1785899,16/12/2009,2,1,1,2,2,2,2,0,0,1,1,1,1,1,0,0,0,0,0
369,Stewart Terrace,EH11 1UP,13,55.93583,-3.2334858,23/06/2009,2,1,1,1,1,2,1,0,0,0,0,0,0,0,0,0,0,0,0
370,Newbattle Terrace,EH10 4SA,3,55.9309299,-3.2049804,23/06/2010,2,1,1,1,1,2,1,0,0,1,0,0,0,1,0,0,0,0,0
371,Cammo Gardens,EH4 8EL,14,55.9598768,-3.3106423,,3,1,1,1,1,2,1,0,0,0,0,0,0,0,0,0,0,0,0
372,Moredun Park Loan,EH17 7HB,16,55.9127727,-3.1374815,24/06/2008,3,1,1,1,3,1,1,0,0,1,0,0,0,1,0,0,0,0,0
373,Easter Drylaw Avenue ,EH4 2QZ,4,55.9644328,-3.2454028,15/06/2009,3,1,1,1,1,1,1,0,0,1,0,1,0,1,0,0,0,0,0
374,Pilrig Heights,EH6 5AB,12,55.9663001,-3.1850705,25/06/2009,2,1,1,1,1,1,1,0,0,1,0,0,0,1,0,0,0,0,0
375,Logie Green Gardens,EH7 4HD,12,55.9646851,-3.1969066,30/06/2009,2,1,1,1,2,2,1,0,0,1,1,1,0,1,0,1,0,0,0
376,East Castle Road,EH10 5AR,3,55.9356533,-3.2157611,22/02/2011,3,1,1,1,2,2,1,0,0,1,0,1,0,1,0,0,0,0,0
377,Claverhouse Drive,EH16 6BX,16,55.9165183,-3.1583453,08/09/2009,3,1,1,1,2,2,1,0,0,1,1,0,0,1,0,0,0,0,0
378,Comiston Place,EH10 6DN,3,55.9233582,-3.2090547,10/06/2010,2,1,1,1,1,2,1,0,0,1,1,1,0,1,0,0,0,0,0
379,Durham Place East,EH15 1PT,11,55.9461612,-3.1203284,16/12/2008,3,1,1,1,1,1,1,0,0,0,0,0,0,0,0,0,0,0,0
380,Regent Place,EH7 5RZ,12,55.9580955,-3.1687172,20/10/2009,2,1,1,1,2,2,1,0,0,1,1,1,1,1,1,0,1,0,0
381,Temple Park Crescent,EH11 1HX,2,55.937621,-3.2200566,23/06/2009,3,1,1,1,1,2,1,0,0,1,0,1,0,1,0,0,0,0,0
382,Cowgatehead,EH1 1JU,6,55.9478331,-3.1938502,24/06/2009,1,1,1,1,1,1,1,0,0,1,0,0,0,1,0,0,0,0,0
383,Bughtlin Park,EH12 8UR,9,55.9516042,-3.3053512,09/06/2008,2,2,1,1,4,3,1,0,0,1,0,1,0,1,0,0,0,0,0
384,Forteviot House,EH17 7JY,16,55.9141555,-3.1400359,17/06/2010,2,1,1,1,3,1,1,0,0,1,1,1,1,1,0,0,0,0,0
385,Cleekim Drive,EH15 3QP,11,55.9352256,-3.1130738,25/06/2010,3,1,1,1,1,1,1,0,0,0,0,0,0,0,0,0,0,0,0
386,East Parkside,EH16 5XJ,17,55.9416094,-3.1733662,16/12/2008,2,1,1,1,1,1,1,0,0,0,0,0,0,0,0,0,0,0,0
387,Corstophine Bank Avenue ,EH12 8SB,15,55.9443686,-3.292399,09/06/2009,3,1,1,1,3,2,1,0,0,1,0,1,0,1,0,0,0,0,0
388,Craigleith Road,EH4 2EH,4,55.9571255,-3.2341582,24/06/2010,3,1,1,1,2,2,1,0,0,1,1,1,0,1,0,0,0,0,0
389,Silverknowes Place,EH4 5LT,14,55.9711858,-3.2705657,09/06/2010,3,1,1,1,2,1,1,0,0,1,0,0,0,1,0,0,0,0,0
390,Annadale Street Lane,EH7 4LS,12,55.96098,-3.1824581,14/12/2008,2,1,1,2,2,2,1,1,0,1,0,0,1,1,1,0,1,0,1
391,Barnton Park Drive,EH4 6HP,14,55.9620176,-3.2926297,24/06/2010,3,1,1,1,2,4,1,0,0,0,0,1,0,1,0,0,0,0,0
392,Fillyside Avenue,EH7 6QU,1,55.9621657,-3.1337483,,3,1,1,1,1,1,1,0,0,0,0,0,0,0,0,0,0,0,0
393,Seafield Street,EH6 7LG,1,55.9691902,-3.1451653,07/04/2008,3,1,1,1,2,1,1,3,0,0,0,0,0,0,0,0,0,0,0
394,Bingham Way,EH15 3NN,11,55.9382003,-3.1258379,,3,1,1,2,2,1,1,0,0,0,0,0,0,0,0,0,0,0,0
395,Wellington Place,EH6 7EQ,8,55.9714129,-3.1688453,30/06/2009,2,1,1,1,2,2,1,0,0,1,1,0,0,1,0,0,0,0,0
396,Fountain Close,EH1 1TF,6,55.9503586,-3.1847063,28/10/2010,1,1,1,2,1,2,1,0,0,1,0,0,0,1,0,0,0,0,0
397,Quarrybank End,EH14 2TU,13,55.9159781,-3.2936705,29/10/2010,2,1,1,1,3,3,1,0,0,1,0,0,0,1,0,0,0,0,0
398,South Oswald Road,EH9 2HJ,17,55.9286649,-3.1930642,26/04/2010,3,1,1,1,1,1,1,0,0,0,0,0,0,0,0,0,0,0,0
399,Miller Row,EH4 3BQ,4,55.9526411,-3.2160587,22/10/2010,3,2,1,1,2,2,1,0,0,1,1,1,0,1,0,0,0,1,0
400,Keith Crescent,EH4 3NJ,4,55.9562441,-3.2509076,04/09/2008,3,1,1,1,1,2,1,0,0,0,0,1,0,1,1,0,0,0,0
401,Redhall Drive ,EH14 2HG,13,55.9227007,-3.2566487,10/06/2009,3,1,1,1,1,2,1,0,0,1,1,0,0,1,0,0,0,0,0
402,West Maitland St,EH3 8JQ,6,55.9470762,-3.2151424,,1,1,1,1,1,2,1,0,0,1,0,0,0,1,0,0,0,0,0
403,Coltbridge Avenue,EH12 6AH,15,55.94698,-3.234828,27/10/2009,3,1,1,1,2,2,1,0,0,1,0,1,0,1,0,0,0,0,0
404,Linksview House,EH6 6DP,8,55.9739116,-3.1703798,22/10/2008,2,2,2,1,2,2,1,0,0,1,1,1,0,1,0,0,0,1,0
405,New Tower Place,EH15 1TS,11,55.9553619,-3.1136601,24/06/2008,2,1,1,1,2,2,1,0,0,0,0,1,0,1,0,0,0,0,0
406,Laichpark Place,EH14 1UN,2,55.9287006,-3.250263,21/10/2009,3,1,1,1,1,1,1,0,0,0,0,0,0,0,0,0,0,0,0
407,Viewcraig Gardens,EH8 9UN,17,55.947504,-3.1800344,22/02/2011,1,1,1,1,1,1,1,0,0,1,0,0,0,1,0,0,0,0,0
408,Craigour Loan,EH17 7PJ,16,55.9148683,-3.1346755,22/04/2008,3,1,1,1,1,2,1,0,0,1,1,0,0,1,0,0,0,0,0
409,Hillpark Court,EH4 7BE,4,55.9615939,-3.270216,20/10/2009,3,1,1,1,1,2,1,0,0,0,0,0,0,0,0,0,0,0,0
410,Lochend Road South,EH7 6BR,1,55.9609774,-3.1582556,22/02/2011,3,1,1,1,1,1,1,0,0,0,0,0,0,0,0,0,0,0,0
411,Oxgangs Farm Drive,EH13 9QG,5,55.9057696,-3.2291281,23/06/2009,3,1,1,1,2,1,1,0,0,0,0,1,1,1,0,0,0,0,0
412,Shnadon Street,EH11 1QH,2,55.9335656,-3.231419,14/04/2010,3,1,1,1,1,1,1,0,0,1,0,1,0,1,0,0,0,0,0
413,Muirhouse View,EH4 4SQ,7,55.9729939,-3.2625132,22/02/2011,2,1,1,1,1,2,1,1,0,1,0,0,0,1,0,0,0,0,0
414,Ryehill Grove,EH6 8ET,8,55.9664685,-3.1593337,30/06/2009,2,2,2,2,2,2,1,0,0,1,1,1,0,1,0,1,0,1,0
415,Duddingston Row,EH15 3ND,11,55.9402831,-3.1267048,17/06/2010,3,1,1,1,1,1,1,0,0,0,0,0,0,0,0,0,0,0,0
416,Smiths Place,EH6 8NR,12,55.9673093,-3.1739355,,2,1,1,1,2,1,1,0,0,1,0,0,0,1,0,0,0,0,0
417,Langton Road,EH9 3BW,17,55.9264053,-3.1786731,03/11/2009,3,1,1,1,1,2,1,0,0,0,0,0,0,0,0,0,0,0,0
418,Graham Street,EH6 5QS,12,55.9725506,-3.1861498,28/04/2008,3,2,2,1,2,2,1,0,0,1,1,0,1,1,0,0,0,1,0
419,Warrender Park Crescent,EH9 1EA,3,55.9382284,-3.2019714,23/06/2010,2,1,1,1,1,1,1,0,0,0,0,0,0,0,0,0,0,0,0
420,Hailes Park,EH13 0NG,5,55.9111444,-3.2655877,22/02/2011,3,1,1,1,1,1,1,0,0,0,0,0,0,1,0,0,0,0,0
421,Scotstoun Green,EH30 9YA,14,55.9826457,-3.3954214,,3,1,1,1,2,1,1,0,0,0,0,0,1,1,0,0,0,0,0
422,Brighton Place,EH15 1LT,11,55.9515531,-3.1164117,29/10/2009,3,1,1,1,2,2,1,0,0,1,1,0,1,1,0,1,0,0,0
423,Mortonhall Park Way,EH17 8BW,16,55.9002858,-3.1730777,03/11/2009,3,1,1,1,1,2,1,0,0,0,0,0,0,0,1,0,0,0,0
424,Silverknowes View,EH4 5PT,14,55.9672785,-3.2642499,22/10/2010,3,1,1,1,2,2,1,0,0,0,0,0,0,0,0,0,0,0,0
425,Canon Lane,EH3 5EA,4,55.9619678,-3.1999138,02/02/2011,2,1,1,2,3,4,1,0,0,1,1,1,0,1,0,0,0,0,1
426,Sydney Terrace,EH7 6SX,1,55.9587388,-3.1329227,25/06/2010,3,1,1,1,2,2,1,0,0,0,0,0,0,0,0,0,0,0,0
427,Lower London Road,EH7 5TG,1,55.9565748,-3.1637663,25/02/2009,2,1,1,1,2,4,1,0,0,1,0,1,0,1,0,0,0,0,0
428,Boroughloch,EH8 9LR,17,55.9420404,-3.1841942,23/06/2010,3,1,1,1,2,2,1,0,0,1,0,1,0,1,0,0,0,0,0
429,Clermiston Green,EH4 7PD,9,55.9599675,-3.2865611,18/08/2008,3,1,1,1,2,2,1,0,0,1,0,1,0,1,0,0,0,0,0
430,Braehead Road,EH4 6BN,14,55.9620901,-3.3094844,27/01/2011,3,1,1,1,1,1,1,0,0,0,0,0,0,0,0,0,0,0,0
431,Southhouse Broadway,EH17 8EQ,16,55.898459,-3.1581344,16/12/2008,2,1,1,1,1,2,1,2,0,1,0,1,0,1,0,0,0,0,0
432,Dreghorn Park,EH13 9PH,5,55.9050717,-3.2363605,09/09/2009,3,1,1,1,2,1,1,0,0,0,0,0,0,0,0,0,0,0,0
433,Craigcrook Square,EH4 3SW,4,55.9575026,-3.263491,01/05/2008,3,1,1,1,2,2,1,0,0,0,0,0,0,0,0,0,0,0,0
434,Broomhouse Gardens East,EH11 3SW,13,55.930561,-3.2809175,14/10/2008,2,2,1,1,2,2,1,0,0,1,0,0,1,1,0,0,0,1,0
435,Belmont Road,EH14 5EH,10,55.9038591,-3.2888781,,3,1,1,1,1,2,1,0,0,1,0,0,0,1,0,0,0,0,0
436,Comely Green Place,EH7 5SY,1,55.9565917,-3.165621,25/06/2010,3,1,1,1,2,1,1,0,0,1,0,0,0,1,0,1,0,0,0
437,Riccarton Crescent,EH14 5PX,10,55.897283,-3.3096747,21/10/2009,3,1,1,1,1,1,1,0,0,0,0,0,0,0,0,0,0,0,0
438,Kinellan Road,EH12 6ES,15,55.9475458,-3.2495883,09/06/2009,3,1,1,1,1,2,1,0,0,1,0,0,0,1,0,0,0,0,0
439,White Dales,EH10 7JQ,5,55.9032555,-3.1947476,10/09/2008,3,1,1,1,1,1,1,0,0,0,0,1,0,1,0,0,0,0,0
440,Morham Park,EH10 5GF,2,55.9150484,-3.2299686,17/09/2008,3,1,1,1,1,1,1,0,0,0,0,0,0,0,0,0,0,0,0
441,Hallcroft Gardens,EH28 8SG,10,55.9227166,-3.3864777,14/10/2008,3,1,1,1,2,2,1,0,0,0,0,1,0,1,0,0,0,0,1
442,Bailie Place,EH15 3BR,11,55.9435611,-3.112318,22/02/2011,2,1,1,1,2,2,1,0,0,1,0,0,1,1,0,0,0,0,0
443,Capelaw Road,EH13 0HG,5,55.9029683,-3.2635122,27/01/2010,3,1,1,1,1,1,1,0,0,0,0,0,0,0,0,0,0,0,0
444,Orchard Drive ,EH4 2DZ,4,55.9557459,-3.2363699,15/06/2009,3,1,1,1,1,1,1,0,0,0,0,0,0,1,0,0,0,0,0
445,Hillpark Way,EH4 7ST,4,55.9608259,-3.2634759,16/12/2009,3,1,1,1,1,2,1,0,0,1,1,0,0,1,0,0,0,0,0
446,High Buckstone,EH10 6XS,5,55.904962,-3.196356,28/04/2009,3,1,1,1,2,2,1,0,0,0,0,0,0,0,0,0,0,0,0
447,Buckstone Gate,EH10 6UH,5,55.9059573,-3.1998348,18/08/2008,3,1,1,1,1,1,1,0,0,0,0,0,0,0,0,0,0,0,0
448,Caiystane Drive,EH10 6SP,5,55.9030081,-3.2174539,14/04/2010,3,1,1,1,1,2,1,0,0,0,1,0,1,1,0,0,0,0,0
449,Craigentinny Avenue,EH7 6RJ,1,55.9602655,-3.136477,25/02/2009,3,2,1,1,2,1,1,0,0,0,0,0,0,0,0,0,0,0,0
450,Wilkieston Road Ratho,EH28 8RH,10,55.9204284,-3.3877655,14/04/2010,3,1,1,1,1,1,1,0,0,1,0,0,1,1,0,0,0,0,0
451,Warden'S Close,EH1 2AW,6,55.9476605,-3.1940984,22/02/2011,1,1,1,1,1,1,1,0,0,0,0,0,0,0,0,0,0,0,0
452,Tweeddale Court,EH1 1TE,6,55.9500572,-3.1842807,22/06/2010,1,1,1,1,1,1,1,0,0,0,0,0,0,0,0,0,0,0,0
453,Hope Park Crescent,EH8 9NA,17,55.941003,-3.1828887,17/12/2009,2,1,1,1,1,1,1,0,0,1,0,0,1,1,0,1,0,0,0
454,Stennis Gardens,EH17 7QW,16,55.9107316,-3.1509542,10/09/2008,3,1,1,1,1,2,1,0,0,0,0,0,0,0,0,0,0,0,0
455,North Gyle Avenue,EH12 8JR,9,55.9427261,-3.3040525,22/02/2011,3,1,1,1,1,1,1,0,0,0,0,0,0,0,0,0,0,0,0
456,Alnwickhill Loan,EH16 6YB,16,55.9051849,-3.1726358,27/01/2011,3,1,1,1,1,2,1,0,0,0,0,0,0,0,0,0,0,0,0
457,Frogston Grove,EH10 7AF,5,55.9014049,-3.2007118,,3,1,1,1,1,1,1,0,0,0,0,0,0,0,0,0,0,0,0
458,Buckstone Shaw,EH10 6XP,5,55.9034838,-3.1982914,22/02/2011,3,1,1,1,1,1,1,0,0,1,0,0,0,1,0,0,0,0,0
459,Ann Street,EH4 1PJ,4,55.9564608,-3.2131444,20/10/2009,2,1,1,1,2,2,1,0,0,0,0,0,0,0,0,0,0,0,0
460,Buckstone Terrace,EH10 6PZ,5,55.9085322,-3.2095534,14/04/2010,3,1,1,1,1,1,1,0,0,0,0,1,1,1,0,0,0,0,0
461,Russell Road,EH12 5NE,15,55.9433679,-3.2313294,27/01/2011,3,1,1,1,1,2,1,0,0,0,0,1,1,1,0,0,0,0,0
462,Redford Place,EH13 0AN,5,55.9076448,-3.2373326,18/08/2008,3,1,1,1,2,2,1,0,0,0,0,0,0,0,0,0,0,0,0
463,Templeand Grove,EH1 3EG,6,55.953252,-3.188267,14/06/2010,3,1,1,1,2,3,1,0,0,0,1,1,0,1,0,0,0,0,0
464,Ferniehill Path,EH17 7BD,16,55.9107461,-3.1300604,08/09/2009,3,1,1,1,2,2,1,0,0,1,1,0,0,1,0,0,0,0,0
465,Craigleithhill Green,EH4 2ND,4,55.9613434,-3.2404391,11/06/2008,3,1,1,1,2,2,1,0,0,1,0,0,0,0,0,0,0,0,1
466,Dunollie Court,EH12 8GP,9,55.946872,-3.3056412,12/10/2010,3,1,1,1,2,1,1,0,0,0,0,0,0,0,0,0,0,0,0
467,Old Dalkeith Road,EH16 4SX,16,55.9193987,-3.137297,,3,1,1,1,1,2,1,0,0,0,0,0,0,0,0,0,0,0,0
468,Upper Grove Place,EH3 8AY,2,55.9439507,-3.2128328,28/04/2009,2,2,1,1,2,2,1,1,0,1,1,0,1,1,0,0,0,1,0
469,Bath Road,EH6 7JT,8,55.9752789,-3.1605142,18/06/2010,2,1,1,1,1,3,1,0,0,1,0,0,1,1,0,0,0,0,0
470,Stenhouse Crescent,EH11 3JF,13,55.9307045,-3.2580993,22/02/2011,3,1,1,1,1,1,1,0,0,1,1,1,0,1,0,0,0,0,0
471,Builyeon Road,EH30 9XL,14,55.9841996,-3.4102128,28/04/2009,4,1,1,1,1,1,1,0,0,0,0,0,0,0,0,0,0,0,0
472,Juniper Grove,EH14 5EA,10,55.9041842,-3.2897151,28/04/2008,3,1,1,1,1,2,1,0,0,0,0,0,0,0,0,0,0,0,0
473,North Bughtlin Place,EH12 8UP,9,55.9524832,-3.304152,22/02/2011,3,1,1,1,2,2,1,0,0,1,1,0,0,1,0,0,0,0,0
474,North Bughtlinfield,EH12 8XZ,9,55.9551409,-3.3072878,12/10/2010,3,1,1,1,2,1,1,0,0,1,0,1,0,1,0,0,0,0,0
475,Bramdean Grove,EH10 6JR,3,55.9150096,-3.2067827,15/10/2010,3,1,1,1,2,2,1,0,0,0,0,0,0,0,0,0,0,0,0
476,Cathedral Lane,EH1 3JR,6,55.9563188,-3.18753,05/12/2008,1,1,1,2,2,2,1,0,0,1,0,1,0,1,0,0,0,0,0
477,Bellfield Street,EH15 2BR,11,55.9520674,-3.1081576,14/04/2010,2,1,1,1,2,2,1,0,0,1,1,0,1,1,0,0,0,0,0
478,Hope Lane,EH15 3AW,11,55.9455327,-3.108667,,3,1,1,1,1,1,1,0,0,1,0,0,0,1,0,0,0,0,0
479,Clarinda Terrace,EH16 6XN,16,55.9175878,-3.1633233,05/02/2011,3,1,1,1,1,4,1,0,0,1,1,1,1,1,0,1,0,1,0
480,Violet Terrace,EH11 1NZ,2,55.9361425,-3.2279431,27/01/2010,2,1,1,1,1,1,1,0,0,0,0,0,0,1,0,0,0,0,0
481,Industry Lane,EH6 4EZ,8,55.9750213,-3.1852734,25/06/2009,2,1,1,1,1,1,1,0,0,1,1,1,0,1,0,0,0,0,0
482,Westland Cottages,EH17 8QT,16,55.9025463,-3.1361445,11/06/2009,3,1,1,1,1,2,1,0,0,0,0,0,0,1,1,0,0,0,0
483,Hamilton Drive,EH15 1NP,1,55.9494657,-3.1248282,22/02/2011,3,1,1,1,2,2,1,0,0,1,0,1,0,1,0,0,0,0,0
484,Woodhall Avenue,EH14 5BU,10,55.9057712,-3.2819139,11/02/2011,3,1,1,1,1,2,1,0,0,0,0,0,0,0,0,0,0,0,0
485,Allanpark Drive ,EH14 1LW,2,55.9244032,-3.2428853,08/06/2010,3,1,1,1,2,2,1,0,0,1,0,0,0,1,0,0,0,0,0
486,Ravenswood Avenue ,EH16 5SH,16,55.9205933,-3.1519088,10/06/2009,3,1,1,1,1,2,1,0,0,1,1,1,0,1,0,0,0,0,0
487,Grierson Crescent,EH5 2AX,7,55.9758838,-3.2180334,30/06/2009,3,1,1,1,3,2,1,0,0,1,1,1,0,1,0,1,0,0,0
488,Mortonhall Park Bank,EH17 8ST,16,55.9005603,-3.1670488,17/12/2009,3,1,1,1,1,1,1,0,0,0,0,1,0,1,0,0,0,0,0
489,Saughton Mains Drive,EH11 3PN,13,55.9291282,-3.2673574,22/02/2011,3,1,1,1,1,1,1,0,0,1,1,0,0,1,0,0,0,0,0
490,Spiers Place,EH6 6DB,8,55.9729,-3.1726929,02/02/2011,2,2,1,1,2,2,1,0,0,1,1,0,0,1,0,0,0,1,0
491,Pattison Street,EH6 7HH,8,55.9737308,-3.1636718,29/04/2010,2,1,1,1,1,1,1,0,0,1,0,0,0,1,0,0,0,0,0
492,Easter Drylaw,EH4 2QX,4,55.9652753,-3.2427968,24/06/2010,3,1,1,1,2,2,1,0,0,1,1,1,0,1,0,0,0,0,0
493,Queen Anne Drive,EH28 8PL,14,55.9376266,-3.3959816,28/04/2010,3,1,1,1,3,3,1,0,0,0,1,1,1,1,1,0,0,0,0
494,Stanhope Place,EH12 5HH,15,55.9449972,-3.2266865,,3,1,1,1,1,2,1,0,0,1,0,0,0,1,0,0,0,0,0
495,Milnacre,EH6 5TD,12,55.9711933,-3.1896372,08/09/2009,2,1,1,2,2,2,1,0,0,1,1,1,0,1,0,0,0,0,0
496,Gayfield Square,EH1 3NW,6,55.9589964,-3.1857708,26/04/2010,1,1,1,1,1,1,1,0,0,1,0,0,0,1,0,0,0,0,0
497,Groathill Avenue ,EH4 2LP,4,55.9601373,-3.2438621,15/06/2009,3,1,1,1,1,2,1,0,0,1,1,1,1,1,0,0,0,0,0
498,Bellevue Street,EH7 4BY,12,55.9621039,-3.190661,30/06/2009,2,1,1,1,2,2,1,0,0,1,1,0,0,1,0,1,0,0,0
499,Abercorn Road,EH8 7DJ,1,55.9534951,-3.1498645,18/08/2008,3,1,1,1,2,2,1,0,0,1,1,1,0,1,0,0,0,0,0
500,Elmwood Terrace,EH6 8DF,8,55.966769,-3.1617451,30/06/2009,2,2,1,1,2,2,1,0,0,1,1,1,0,1,1,1,0,1,0
501,St Catherines Pl,EH9 1NU,17,55.9370867,-3.1848369,,2,1,1,1,1,2,1,0,0,0,1,0,0,1,0,0,0,0,0
502,Oxgangs Medway,EH13 9LP,5,55.9044652,-3.2203308,18/08/2008,3,1,1,1,3,3,1,0,0,0,0,1,0,1,0,0,0,0,0
503,Belgrave Crescent ,EH4 3AH,4,55.9538877,-3.2175041,22/06/2010,3,1,1,1,1,3,1,0,0,0,0,0,0,0,0,0,0,0,0
504,Almondhill Road,EH29 9BW,14,55.9580881,-3.3989406,02/09/2008,3,1,1,1,2,2,1,0,0,1,1,1,0,1,0,0,0,0,0
505,Baxters Place,EH1 3AF,6,55.9574685,-3.184459,12/05/2008,1,1,1,1,1,1,1,2,0,1,0,0,0,1,0,0,0,0,0
506,Brighouse Park Drive,EH4 6QG,14,55.9753688,-3.2956704,27/01/2011,3,1,1,1,1,1,1,0,0,0,1,0,0,1,0,0,0,0,0
507,Bonaly Avenue,EH13 0ET,5,55.9014371,-3.2561542,29/10/2010,3,1,1,1,3,3,1,0,0,1,0,1,0,1,0,0,0,0,0
508,The Glebe,EH4 6NW,14,55.9755038,-3.3001958,,4,1,1,1,3,3,1,0,0,1,0,1,0,1,0,0,0,0,0
509,North West Circus Place,EH3 6SX,4,55.9572131,-3.2065205,26/04/2010,1,1,1,1,1,1,1,1,0,0,0,0,0,0,0,0,0,0,0
510,Sciennes House Place,EH9 1NW,17,55.9377431,-3.1817275,25/02/2009,2,1,1,1,1,1,1,0,0,1,1,1,0,1,0,0,0,0,0
511,Carnbee Park,EH16 6GE,16,55.9078714,-3.1493973,23/06/2010,3,1,1,1,2,3,1,0,0,0,0,1,1,1,0,0,0,0,0
512,Pembroke Place,EH12 5HX,15,55.9446545,-3.2287324,09/06/2009,3,1,1,1,2,2,1,0,0,1,0,0,0,1,0,0,0,0,0
513,Kirkgate,EH16 6RX,16,55.9128711,-3.1615105,19/08/2008,2,1,1,1,1,1,1,1,0,1,1,0,0,1,0,0,0,0,0
514,John Street Lane East,EH15 2DZ,11,55.9509233,-3.1043159,16/06/2010,2,1,1,1,4,1,1,0,0,0,0,0,0,0,0,0,0,0,0
515,Douglas Terrace,EH11 2BS,13,55.9446246,-3.2170993,27/01/2009,2,1,1,1,2,1,1,1,0,1,0,0,0,1,0,0,0,0,0
516,Easter Drylaw Grove,EH4 2RN,4,55.9643305,-3.2461678,24/06/2010,3,1,1,1,3,2,1,0,0,0,1,0,0,1,0,0,0,0,0
517,Harvest Road,EH28 8AN,14,55.9347585,-3.3999787,12/10/2010,4,1,1,1,1,1,1,0,0,0,0,0,0,1,0,0,0,0,0
518,Carnegie Court,EH8 9RS,17,55.9449792,-3.1809801,17/12/2009,3,1,1,1,1,1,1,0,0,1,1,0,0,1,0,0,0,0,0
519,Avon Grove,EH4 6RF,14,55.9690473,-3.3103622,09/06/2008,3,2,1,1,3,2,1,0,0,1,0,0,1,1,0,0,0,1,1
520,Stanhope Street,EH12 5JB,15,55.945392,-3.2274612,12/10/2010,3,1,1,1,1,2,1,0,0,1,0,1,0,1,0,0,0,0,0
521,Sunbury Street,EH4 3BU,4,55.9517763,-3.2202478,25/02/2009,3,1,1,1,1,2,1,0,0,1,0,0,0,1,0,0,0,0,0
522,Mayfield Road,EH9 3AP,17,55.9263259,-3.1737163,,3,1,1,1,1,1,1,0,0,0,0,0,0,0,0,0,0,0,0
523,Claremont Crescent,EH7 4HX,12,55.9636715,-3.1918087,,2,1,1,1,1,1,1,0,0,1,0,0,0,1,0,0,0,0,0
524,Peffermill Road,EH16 5LR,17,55.9320996,-3.1498076,08/09/2009,3,2,1,1,1,2,1,0,0,1,0,0,0,1,0,0,0,0,0
525,Whitehouse Close,EH4 6RG,14,55.9681385,-3.3074384,18/08/2008,1,1,1,1,1,2,1,0,0,1,0,0,0,1,0,0,0,0,0
526,Blacket Place,EH9 1RT,17,55.936152,-3.1744107,08/09/2009,3,1,1,1,1,2,1,0,0,0,0,0,0,0,0,0,0,0,0
527,Mortonhall Park Gardens,EH17 8SN,16,55.8998652,-3.1697487,18/06/2009,3,1,1,1,1,2,1,0,0,1,0,0,0,1,1,0,0,0,0
528,Saughton Mains G,EH12 5SA,15,55.93847,-3.248894,,3,1,1,1,2,2,1,0,0,1,1,1,0,1,0,0,0,0,0
529,Gibson Terrace,EH11 1AT,2,55.9400778,-3.2169099,22/02/2011,2,1,1,1,1,1,1,0,0,1,1,1,0,1,0,0,0,0,0
530,Fairview Road,EH28 8TR,14,55.9438505,-3.3655357,28/04/2010,4,1,1,1,2,2,1,0,0,0,1,1,0,1,0,0,0,0,0
531,Corbiehill Terrace,EH4 5BA,14,55.9640076,-3.2720956,22/02/2011,3,1,1,1,2,2,1,0,0,1,0,0,0,1,0,0,0,0,0
532,Oakville Terrace,EH6 8DG,8,55.9670414,-3.1614281,30/06/2009,2,1,1,1,2,1,1,0,0,0,0,0,0,0,0,0,0,0,0
533,Craigmount Way,EH12 8DW,9,55.9525836,-3.2976365,27/10/2009,3,1,1,1,2,2,1,0,0,1,0,0,0,1,0,0,0,0,0
534,Upper Gilmore Place,EH3 9NL,3,55.9405428,-3.2085295,17/09/2008,2,1,1,2,3,2,1,0,0,1,1,1,1,1,0,1,0,0,0
535,Broomlea Crescent,EH12 7NR,15,55.9349005,-3.2831512,21/10/2008,3,1,1,1,1,1,1,0,0,0,1,0,0,1,0,0,0,0,0
536,Clayhills Grove,EH14 7NE,10,55.8805998,-3.3474835,10/06/2010,3,1,1,1,1,1,1,0,0,0,0,0,0,0,0,0,0,0,0
537,Villa Road Sq Ferry,EH1 3EG,6,55.953252,-3.188267,28/01/2011,3,1,1,1,2,2,1,0,0,1,0,0,0,1,0,0,0,0,0
538,Inchkeith Avenue,EH30 9QP,14,55.9843133,-3.3923268,18/08/2008,3,2,1,1,2,2,1,0,0,1,0,1,0,1,0,0,0,1,0
539,Bughtlin Gardens,EH12 8XB,9,55.9519972,-3.3093966,27/01/2010,3,1,1,1,2,2,1,0,0,1,0,1,0,1,0,0,0,0,0
540,Elliot Park,EH14 1DY,2,55.915434,-3.2450112,22/02/2011,3,1,1,1,1,2,1,0,0,1,0,0,0,1,0,0,0,0,0
541,Grassmarket,EH1 2LJ,6,55.9475383,-3.1962969,26/04/2010,1,1,1,1,1,1,1,0,0,1,0,0,1,1,0,0,0,0,0
542,Park Gardens,EH16 6JF,16,55.9138369,-3.1576977,22/02/2011,3,1,1,1,2,2,1,0,0,1,0,0,0,1,0,0,0,0,0
543,Bleachfield ,EH6 5TE,12,55.9705961,-3.1900675,26/06/2010,3,1,1,1,2,2,1,0,0,1,1,0,0,1,0,0,0,0,0
544,Inchgarvie Park,EH1 3EG,6,55.953252,-3.188267,,4,1,1,1,2,1,1,0,0,1,0,1,0,1,0,0,0,0,0
545,Boswall Crescent,EH5 2ER,7,55.9748328,-3.2205181,04/09/2008,3,2,1,1,2,2,1,0,0,1,0,1,0,1,0,0,0,1,0
546,Toddshill Road,EH29 9DF,14,55.9539018,-3.407985,09/06/2010,3,1,1,1,3,2,1,0,0,1,1,0,0,1,0,0,0,0,0
547,Marionville Avenue,EH7 6AY,1,55.9576908,-3.1537178,07/04/2008,3,1,1,1,1,1,1,0,0,0,0,0,0,0,0,0,0,0,0
548,Bellevue Crescent,EH3 6ND,6,55.9605547,-3.1932895,20/01/2011,2,1,1,1,1,2,1,0,0,1,0,1,0,1,0,0,0,0,0
549,Broomhouse Terrace,EH11 3SU,13,55.9301473,-3.2764681,27/01/2009,3,2,1,1,1,2,1,0,0,1,0,1,0,1,0,0,0,1,0
550,Dean Path Buildings,EH1 3EG,6,55.953252,-3.188267,19/08/2008,2,1,1,1,1,1,1,1,0,1,0,1,0,1,0,0,0,0,0
551,Leith Links,EH6 8AA,8,55.9710389,-3.1639694,02/02/2011,2,1,1,2,1,1,1,0,0,0,0,0,0,1,0,0,0,0,0
552,Fox Covert Grove,EH12 6UJ,9,55.9547217,-3.2801966,17/06/2008,3,1,1,1,3,2,1,0,0,0,0,0,0,1,0,0,0,0,0
553,Colinton Mains Gardens,EH13 9AD,5,55.9128076,-3.2372228,,3,1,1,1,2,1,1,0,0,0,1,0,0,1,0,0,0,0,0
554,West Pilton Crescent,EH4 4HP,7,55.9733632,-3.252263,,2,1,2,1,2,2,1,0,0,1,0,1,0,1,0,0,0,0,0
555,Cramond Park,EH4 6PX,14,55.9730727,-3.3012406,28/04/2009,3,1,1,1,2,2,1,0,0,0,0,0,0,0,0,0,0,0,0
556,Broompark Road,EH12 7JZ,15,55.9369499,-3.2820685,22/02/2011,3,1,1,1,1,1,1,0,0,0,0,0,0,0,0,0,0,0,0
557,Sighthill Rise,EH11 4PZ,13,55.9189246,-3.2872596,09/09/2009,3,1,1,1,1,1,1,0,0,0,0,0,0,0,0,0,0,0,0
558,Alnwickhill Court,EH16 6YG,16,55.9050802,-3.1754233,22/04/2009,3,1,1,1,1,1,1,0,0,1,0,0,0,1,1,0,0,0,0
559,Salveson Grove,EH4 5JP,7,55.9752716,-3.2573958,22/10/2008,3,1,1,1,1,2,1,0,0,1,1,0,0,1,1,0,0,0,0
560,Westbank Street,EH15 1DR,11,55.9566388,-3.1186625,22/02/2011,2,1,1,1,1,1,1,0,0,1,0,0,0,1,0,0,0,0,0
561,Forrester Park Drive,EH11 3SN,13,55.9312238,-3.2827736,23/06/2009,3,1,1,1,2,2,1,0,0,0,1,1,1,1,0,0,0,0,0
562,Barnton Park Place,EH4 6ET,14,55.9628267,-3.2887445,12/06/2009,3,1,1,1,1,2,1,0,0,0,0,0,0,1,0,0,0,0,0
563,Stevenson Street,EH11 3DP,13,55.9341202,-3.2568139,,3,1,1,1,1,1,1,0,0,0,0,0,0,1,0,0,0,0,0
564,Glen Street,EH3 9JF,3,55.9438935,-3.2016527,,1,1,1,1,1,1,1,0,0,1,1,0,0,1,0,0,0,0,0
565,Coalhill,EH6 6RH,8,55.9749758,-3.1725278,02/02/2011,2,1,1,2,2,2,1,0,0,1,0,1,0,1,0,0,0,0,0
566,Rosebery Crescent Lane,EH12 5JP,6,55.9465454,-3.218656,01/05/2009,2,1,1,1,1,2,1,0,0,1,0,0,0,1,0,0,0,0,0
567,Blackbarony Road,EH9 3JD,17,55.9225635,-3.1686678,08/09/2009,3,1,1,1,1,1,1,0,0,0,0,0,0,0,0,0,0,0,0
568,Moredunvale Way,EH17 7RE,16,55.9157043,-3.1431753,26/04/2010,3,2,1,1,1,1,1,0,0,1,0,1,0,1,0,0,0,1,0
569,Duddingston Grove East,EH15 1RX,1,55.9452602,-3.1273948,26/10/2010,3,1,1,1,1,1,1,0,0,0,0,0,0,0,0,0,0,0,0
570,Paisley Crescent,EH8 7JN,1,55.9507448,-3.1480549,08/09/2009,3,1,1,1,1,1,1,0,0,0,0,0,0,0,0,0,0,0,0
571,Morningside Place,EH10 5ES,3,55.9301999,-3.2129171,,3,1,1,1,1,2,1,0,0,1,0,0,0,1,0,0,0,0,0
572,Ashburnham Gardens,EH30 9LB,14,55.9876639,-3.3860052,28/04/2010,3,1,1,1,2,2,1,0,0,0,1,1,0,1,0,0,0,0,0
573,Elizafield,EH6 5PY,12,55.9700459,-3.1859684,,2,1,1,2,2,2,1,0,0,1,1,0,0,1,0,0,0,0,0
574,Fettes Rise,EH4 1QH,4,55.9675362,-3.2229433,28/04/2008,3,1,1,1,2,2,1,0,0,0,0,0,0,0,0,0,0,0,0
575,Burdiehouse Square,EH17 8BN,16,55.8930299,-3.1626014,25/02/2009,3,1,1,1,2,2,1,0,0,1,1,1,0,1,0,0,0,0,0
576,Sighthill Park,EH11 4PN,13,55.921837,-3.281209,23/06/2009,3,1,1,1,2,2,1,0,0,1,0,1,0,1,0,0,0,0,0
577,Gosford Place,EH6 4BH,12,55.9726579,-3.1912663,02/02/2011,3,1,1,2,2,3,1,0,0,1,0,1,0,1,0,0,0,0,0
578,Grierson Avenue,EH5 2AP,7,55.9771309,-3.2169833,22/02/2011,3,1,1,1,2,1,1,0,0,0,0,0,0,1,0,0,0,0,0
579,Morven Street,EH4 7LQ,9,55.9530302,-3.2920696,25/02/2009,3,2,1,1,2,2,1,0,0,0,0,1,0,1,0,0,0,1,0
580,Dryden Gardens,EH7 4PR,12,55.9648094,-3.1826193,30/06/2009,2,1,1,1,2,2,1,0,0,1,1,1,0,1,0,1,0,0,0
581,East Fettes Avenue,EH4 1DN,4,55.9645874,-3.2222654,19/08/2008,3,1,1,1,2,2,1,0,0,1,1,1,0,1,0,0,1,0,0
582,Carfae Park,EH4 3SH,4,55.9581894,-3.2642942,29/04/2010,3,1,1,1,1,2,1,0,0,1,0,1,1,1,0,0,0,0,0
583,Niddriemill Avenue,EH15 3EN,11,55.9349155,-3.1157321,09/10/2008,2,1,1,1,2,1,1,0,0,1,0,1,0,1,0,0,0,0,0
584,Drumbrae Crescent,EH12 8SH,15,55.9425973,-3.2931142,23/06/2009,3,1,1,1,1,1,1,0,0,0,0,0,0,0,0,0,0,0,0
585,Redheughs Avenue,EH12 9RH,9,55.9331113,-3.3095238,,3,1,1,1,2,1,1,0,0,0,1,0,0,1,0,0,0,0,0
586,Lewis Terrace,EH11 2BT,13,55.9448103,-3.2174093,11/02/2011,2,1,1,1,1,1,1,0,0,0,0,1,0,1,0,0,0,0,0
587,Crewe Terrace,EH5 2LQ,7,55.9732207,-3.2340084,13/04/2009,3,1,1,1,3,2,1,0,0,0,1,1,0,1,0,0,0,0,0
588,Spylaw Bank Road,EH13 0JG,5,55.9090683,-3.2619123,18/08/2008,3,1,1,1,3,3,1,0,0,0,0,0,0,0,0,0,0,0,0
589,Grant Avenue,EH13 0DP,5,55.9047851,-3.258614,10/06/2010,3,1,1,1,1,1,1,0,0,0,0,0,0,0,0,0,0,0,0
590,Viewfield Road,EH14 5BE,10,55.9080231,-3.2750584,29/10/2010,3,1,1,1,3,4,1,0,0,1,1,0,0,1,0,0,0,0,0
591,Carrubers Close,EH1 1SF,6,55.950678,-3.1870061,05/05/2009,1,1,1,1,3,1,1,0,0,1,0,1,0,1,0,0,0,1,0
592,Cockburnhill Road,EH14 7HY,10,55.8759769,-3.3553547,09/09/2009,4,1,1,1,1,1,1,0,0,0,0,0,0,0,0,0,0,0,0
593,Ardmillan Terrace Lane,EH11 2JZ,13,55.9391454,-3.2250604,10/06/2010,2,1,1,1,2,2,1,0,0,1,0,1,0,1,0,0,0,0,0
594,Gamekeepers Road,EH4 6LT,14,55.9710961,-3.3011016,23/06/2009,3,1,1,1,1,2,1,0,0,1,0,1,0,1,0,0,0,0,0
595,Bughtlin Green,EH12 8XA,9,55.9525846,-3.3085799,09/06/2009,3,1,1,1,1,1,1,0,0,0,0,0,0,0,0,0,0,0,0
596,Finlaggan Court,EH12 8GL,9,55.9476327,-3.3071364,,3,1,1,1,2,2,1,0,0,1,0,1,0,1,0,0,0,0,0
597,Bonnington Grove,EH6 4BN,12,55.9726216,-3.1898161,20/10/2009,3,1,1,3,2,2,1,0,0,1,0,1,1,1,0,0,0,0,0
598,Strathern Road,EH9 2AF,3,55.9341845,-3.1974351,,3,1,1,1,1,1,1,0,0,1,0,0,0,1,0,0,0,0,0
599,Rose Park,EH5 3ST,7,55.9730595,-3.2091656,22/10/2008,3,1,1,1,1,1,1,0,0,0,0,0,0,0,0,0,0,0,0
600,Hillpark Gardens ,EH4 7AJ,4,55.9611791,-3.2741963,14/06/2010,3,1,1,1,2,2,1,0,0,0,0,0,0,0,0,0,0,0,0
601,Afton Place,EH5 3RB,7,55.9735754,-3.214452,08/09/2009,3,1,1,1,1,2,1,0,0,0,0,0,0,0,0,0,0,0,0
602,Holyrood Park Road,EH16 5BG,17,55.9405083,-3.1728035,24/06/2008,2,1,1,1,1,1,1,0,0,0,1,1,0,1,0,0,0,0,0
603,Double Hedges Road,EH16 6TS,16,55.9204692,-3.1637156,03/11/2009,3,1,1,1,1,2,1,0,0,1,0,0,0,1,0,0,0,0,0
604,Sauchiebank,EH11 2NN,13,55.9430473,-3.2275415,28/04/2009,3,1,1,1,1,2,1,0,0,1,1,1,1,1,0,0,0,0,0
605,Shandon Terrace,EH11 1QQ,2,55.932796,-3.2318315,16/12/2008,3,1,1,1,1,2,1,0,0,1,0,0,0,1,0,0,0,0,0
606,Southfield Place,EH15 1LZ,1,55.9498425,-3.1192031,16/09/2008,3,1,1,2,1,2,1,0,0,1,1,0,0,1,0,0,0,0,0
607,Kings Haugh,EH16 5UX,11,55.9334939,-3.1473677,16/12/2008,3,1,1,1,1,1,1,0,0,0,0,0,0,0,0,0,0,0,0
608,Lussielaw Road,EH9 3BU,17,55.9270924,-3.1767343,15/10/2010,3,1,1,1,2,2,1,0,0,0,1,0,0,1,0,0,0,0,0
609,Carnbee Crecent,EH16 6GF,16,55.9066922,-3.1498504,15/10/2010,3,1,1,1,1,2,1,0,0,1,1,1,0,1,0,0,0,0,0
610,East Kilngate Rigg,EH17 8UA,16,55.901359,-3.1405788,22/02/2011,2,1,1,1,1,1,1,0,0,0,0,0,0,0,0,0,0,0,0
611,New Cut Rigg,EH6 4QR,7,55.9738659,-3.1943721,22/10/2010,3,1,1,1,2,2,1,0,0,0,0,0,0,0,0,0,0,0,0
612,Pirniefield Bank,EH6 7QQ,8,55.9685152,-3.1495712,16/12/2009,2,1,1,1,1,2,1,0,0,0,1,0,0,1,1,0,0,0,0
613,Craigour Drive,EH17 7NU,16,55.9163877,-3.1344788,24/06/2008,3,1,1,1,1,1,1,0,0,0,1,1,0,1,0,0,0,0,0
614,Baberton Mains Avenue,EH14 3EQ,10,55.9089573,-3.2850674,27/01/2010,3,1,1,1,1,1,1,0,0,0,0,0,0,0,0,0,0,0,0
615,Balmwell Terrace,EH16 6PR,16,55.9017939,-3.1622671,21/06/2010,3,1,1,1,1,1,1,0,0,1,0,0,0,1,0,0,0,0,0
616,Marshall Street,EH8 9BJ,17,55.9457401,-3.1866497,26/04/2010,1,1,1,1,1,1,1,0,0,0,0,1,0,1,0,0,0,0,0
617,Bangholm Avenue,EH5 3AS,7,55.9723853,-3.2040686,19/08/2008,3,1,1,1,2,2,1,0,0,1,0,1,0,1,0,0,0,0,0
618,Rosefield Place,EH15 1AZ,11,55.95225,-3.1178267,25/06/2010,3,1,1,1,1,1,1,0,0,0,0,0,0,0,0,0,0,0,0
619,Glebe Terrace,EH12 7SQ,15,55.9415219,-3.2826877,14/06/2010,3,1,1,1,2,3,1,0,0,0,0,0,0,0,0,0,0,0,0
620,Wester Coates Terrace,EH12 5LR,15,55.9464698,-3.231858,28/04/2010,3,1,1,1,1,4,1,0,0,0,0,0,0,0,0,0,0,0,0
621,Dolphin Avenue,EH14 5RL,10,55.8946974,-3.3183886,21/10/2009,3,1,1,1,1,1,1,0,0,1,0,0,0,1,0,0,0,0,0
622,Hutchison Crossway,EH14 1RQ,2,55.9317432,-3.2428234,23/06/2009,3,1,1,1,1,1,1,0,0,0,0,0,0,0,0,0,0,0,0
623,Milton Street,EH8 8HA,6,55.9546777,-3.1682192,18/08/2008,3,1,1,1,2,2,1,0,0,1,1,0,0,1,0,0,0,0,0
624,Merchiston Place,EH10 4NR,3,55.9354321,-3.211245,,3,1,1,1,1,2,1,0,0,1,1,1,0,1,0,0,0,0,0
625,Arrol Place,EH30 9QB,14,55.9857679,-3.3897962,21/10/2008,3,1,1,1,2,1,1,0,0,0,0,1,0,1,0,0,0,0,0
626,Hawkhead Grove,EH16 6LS,16,55.9132421,-3.1670251,09/10/2008,3,1,1,1,1,2,1,0,0,0,0,0,0,0,0,0,0,0,0
627,Paisley Grove,EH8 7LF,1,55.9489958,-3.1428368,22/02/2011,3,1,1,1,2,2,1,0,0,0,0,0,0,0,0,0,0,0,0
628,Granton Terrace,EH5 1BG,7,55.9788293,-3.2219815,29/04/2010,3,1,1,1,2,2,1,1,0,1,1,0,0,1,0,0,0,0,0
629,Trotters Haugh,EH9 2GZ,17,55.9273916,-3.1908405,,3,1,1,1,1,2,1,0,0,0,0,0,0,0,0,0,0,0,0
630,Torphichen Place,EH3 8DU,6,55.9465555,-3.2142727,24/06/2008,1,1,1,1,1,1,1,0,0,1,0,0,0,1,0,0,0,0,0
631,Moredunvale Loan,EH17 7RJ,16,55.9161762,-3.1422304,23/06/2010,3,1,1,1,2,1,1,0,0,0,0,0,0,0,0,0,0,0,0
632,Annandale Street,EH7 4AZ,12,55.9610211,-3.1856883,16/12/2009,2,1,1,1,1,2,1,0,0,1,1,1,1,1,0,0,0,0,0
633,Silverknowes Green,EH4 5PL,14,55.9678442,-3.2649652,25/02/2009,3,1,1,1,2,2,1,0,0,0,0,0,0,0,0,0,0,0,0
634,Harlaw Road,EH14 7AS,10,55.8803668,-3.3099485,10/06/2010,4,1,1,1,1,1,1,0,0,0,0,0,0,0,0,0,0,0,0
635,West Silvermills Lane,EH3 5BD,4,55.9591812,-3.204813,15/06/2009,2,1,1,1,1,1,1,0,0,0,0,0,0,0,0,0,0,0,0
636,Magdalene Drive,EH15 3DL,11,55.9421699,-3.1099032,,2,1,1,1,1,2,1,0,0,0,1,1,0,1,0,0,0,0,0
637,Colinton Mains Grove,EH13 9DF,5,55.9083782,-3.2312222,18/08/2008,3,2,1,1,2,2,1,1,0,1,1,1,0,1,0,0,0,1,0
638,Piershill Square East,EH8 7BG,1,55.9555795,-3.1453272,16/12/2008,3,1,1,1,1,2,1,1,0,0,0,0,0,1,0,0,0,0,0
639,Bedford Court,EH4 1JX,4,55.957827,-3.2136141,15/06/2009,2,2,1,1,2,1,1,0,0,1,1,0,1,1,0,0,0,1,0
640,Stair Park,EH12 6HL,15,55.9460146,-3.2432452,,3,1,1,1,2,2,1,0,0,1,0,1,0,1,0,0,0,0,0
641,Tytler Court,EH8 8HJ,6,55.9552821,-3.1682214,10/06/2010,2,1,1,1,1,1,1,0,0,1,0,1,0,1,0,0,0,0,0
642,Livingstone Place,EH9 1PD,17,55.9387142,-3.1867524,24/06/2008,2,1,1,1,2,2,1,0,0,1,0,1,0,1,0,0,0,0,0
643,Baberton Mains Lea,EH14 3HB,10,55.9116579,-3.292155,09/09/2009,3,1,1,1,2,1,1,0,0,0,0,0,0,0,0,0,0,0,0
644,Ravelrig Road,EH14 7DG,10,55.894145,-3.3482603,17/06/2009,3,1,1,1,1,2,1,0,0,1,0,0,0,1,0,0,0,0,0
645,Calderview,EH11 4HX,13,55.9207402,-3.2985187,27/01/2009,3,2,1,1,1,2,1,0,0,1,0,0,0,1,0,0,0,1,0
646,Agnew Terrace ,EH6 4QU,12,55.9730761,-3.1922331,18/06/2010,2,1,1,1,2,2,1,0,0,1,0,0,0,1,0,0,0,0,0
647,Stenhouse Cottages,EH11 3JQ,13,55.9301663,-3.2589554,11/09/2008,3,1,1,1,2,2,1,0,0,1,1,1,0,1,0,0,0,0,0
648,Bankhead Broadway,EH11 4DB,13,55.9261642,-3.2980484,23/06/2009,3,1,1,1,2,2,1,0,0,0,1,0,1,1,0,0,0,0,0
649,Orchard Place,EH4 2ET,4,55.9570037,-3.2282195,22/10/2008,3,1,1,1,2,2,1,0,0,1,0,0,0,1,0,0,0,0,0
650,Red Gaunlet Terr,EH1 3EG,6,55.953252,-3.188267,,3,1,1,1,2,2,1,0,0,1,0,0,0,1,0,0,0,0,0
651,Drum Cottages,EH17 8RH,16,55.9046361,-3.1301843,11/06/2009,3,1,1,1,2,2,1,0,0,1,0,0,0,1,1,0,0,0,0
652,Wisp Green,EH15 3QY,11,55.9326982,-3.1126504,16/12/2008,3,2,1,1,1,2,1,0,0,1,0,1,0,1,0,0,0,1,0
653,Hillview Drive ,EH12 8QP,15,55.9466742,-3.2918675,09/06/2009,3,1,1,1,2,2,1,0,0,1,0,0,0,1,0,0,0,0,0
654,Caiystane Hill,EH10 6SX,5,55.9040431,-3.2131384,21/10/2009,3,1,1,1,1,1,1,0,0,0,0,0,0,0,0,0,0,0,0
655,Redhall Grove,EH14 2DU,13,55.9214008,-3.2603794,10/06/2009,3,1,1,1,1,2,1,0,0,1,0,1,0,1,0,0,0,0,0
656,The Wisp,EH16 4SH,11,55.9251117,-3.1131909,25/02/2009,4,1,1,1,1,1,1,0,0,0,0,0,0,0,0,0,0,0,0
657,South Ettrick Road,EH10 5BQ,3,55.9320417,-3.2181339,22/04/2008,3,1,1,1,1,2,1,0,0,0,0,0,0,0,0,0,0,0,0
658,Rankin Avenue ,EH9 3DB,17,55.9259422,-3.1756218,21/06/2010,3,1,1,1,2,3,1,0,0,0,0,1,0,1,0,0,0,0,0
659,South Gillsland Road,EH10 5DE,3,55.9303144,-3.2201149,18/08/2008,3,1,1,1,1,1,1,0,0,0,0,0,0,0,0,0,0,0,0
660,Haymarket Yards,EH12 5HE,6,55.9454588,-3.2225523,06/06/2009,2,1,1,4,1,2,1,0,0,1,1,0,0,1,0,0,0,0,0
661,Captain'S Road,EH17 8HW,16,55.902068,-3.1554541,08/09/2009,3,1,1,1,2,2,1,0,0,0,0,1,0,1,0,0,0,0,0
662,Gote Lane,EH30 9PS,14,55.9907209,-3.3968931,,3,1,1,1,2,2,1,0,0,1,1,0,0,1,0,0,0,0,0
663,Eastfield Road,EH28 8LL,14,55.9411166,-3.3598666,28/04/2009,4,1,1,1,1,1,1,0,0,0,0,0,0,0,0,0,0,0,0
664,Duddingston Square West,EH15 1RS,1,55.944646,-3.1287533,23/06/2009,3,1,1,1,2,1,1,0,0,0,0,0,0,0,0,0,0,0,0
665,Pittville Street Lane,EH15 2BT,11,55.9525524,-3.1068422,24/06/2008,2,3,1,1,3,2,1,0,0,0,0,1,0,1,0,0,0,1,0
666,March Road,EH4 3TA,4,55.9599208,-3.2634678,13/04/2009,3,1,1,1,3,2,1,0,0,0,0,1,0,1,0,0,0,0,0
667,Willowbrae Avenue,EH8 7HF,1,55.9525256,-3.1486352,08/09/2009,3,1,1,1,2,2,1,0,0,1,1,0,0,1,1,0,0,0,0
668,Beresford Terrace,EH5 3HR,7,55.9758008,-3.2032365,29/04/2010,3,1,1,1,2,2,1,0,0,1,0,0,0,1,0,0,0,0,0
669,Granby Road,EH16 5NL,17,55.9276084,-3.1721805,23/06/2010,3,1,1,1,1,1,1,0,0,0,0,0,0,0,0,0,0,0,0
670,Joppa Park,EH15 2EP,11,55.9494159,-3.0975541,16/06/2010,3,1,1,1,2,1,1,0,0,0,0,0,0,0,0,0,0,0,0
671,East Clapperfield,EH16 6TU,16,55.9205934,-3.1617391,03/11/2009,3,1,1,1,1,2,1,0,0,0,1,0,0,1,0,0,0,0,0
672,High Street,EH1 1PD,6,55.9500811,-3.1882366,20/01/2011,1,1,1,1,1,1,1,1,0,1,0,0,0,1,0,0,0,0,0
673,East Claremont Street,EH7 4HX,12,55.9631639,-3.1913006,22/10/2010,2,1,1,1,2,2,1,0,0,1,0,1,0,1,0,0,0,0,0
674,Hillpark Terrace,EH4 7SX,4,55.9587305,-3.2699651,24/06/2010,3,1,1,1,1,2,1,0,0,1,0,0,0,1,0,0,0,0,0
675,Dolphin Road,EH14 5RY,10,55.8938092,-3.3202212,,3,1,1,1,2,1,1,0,0,1,1,0,0,1,0,0,0,0,0
676,Hillview Crescent,EH12 8QF,15,55.9466274,-3.2852165,09/09/2009,3,1,1,1,2,1,1,0,0,0,0,0,0,0,0,0,0,0,0
677,Howdenhall Crescent,EH16 6UR,16,55.9042676,-3.1703119,09/10/2008,3,2,1,1,2,1,1,0,0,0,0,1,0,1,0,0,0,1,0
678,South Gyle Gardens,EH12 7RZ,9,55.9372533,-3.298617,27/01/2011,3,1,1,1,1,2,1,0,0,0,0,1,0,1,0,0,0,0,0
679,Murrayfield Gardens,EH12 6DF,15,55.9469905,-3.2394883,25/02/2009,3,1,1,1,2,2,1,0,0,1,0,1,0,1,0,0,0,0,0
680,Savile Terrace,EH9 3AD,17,55.9298664,-3.1751019,16/12/2008,3,1,1,1,1,2,1,1,0,0,0,1,0,1,0,0,0,0,0
681,Dudley Grove,EH6 4QP,7,55.9771115,-3.1896244,29/04/2010,3,1,1,1,3,2,1,0,0,1,0,0,0,1,0,0,0,0,0
682,Brighouse Park Rigg,EH4 6QU,14,55.9765413,-3.294788,12/10/2010,3,1,1,1,2,1,1,0,0,0,0,0,0,0,0,0,0,0,0
683,Fernieside Crescent,EH17 7HS,16,55.9116453,-3.1301614,03/11/2009,3,1,1,1,2,1,1,0,0,0,0,0,0,1,0,0,0,0,0
684,Saunders Street,EH3 6TR,4,55.9571646,-3.2094124,02/02/2011,2,1,1,1,1,2,1,0,0,1,0,0,1,1,0,0,0,0,0
685,Bernard Street,EH6 6SH,8,55.9758912,-3.1679682,,2,1,1,1,1,1,1,0,0,1,0,0,0,1,0,0,0,0,0
686,Roseburn Avenue,EH12 5PB,15,55.9439281,-3.2366934,24/06/2010,2,1,1,1,4,4,1,0,0,1,1,1,0,1,0,0,0,0,0
687,Springvalley Terr,EH10 4QB,3,55.9291286,-3.2113809,,2,1,1,1,2,2,1,0,0,1,0,0,0,1,0,0,0,0,0
688,Cameron Toll Gardens,EH16 4TG,16,55.9284096,-3.1562965,17/12/2009,3,1,1,1,1,1,1,0,0,1,0,0,0,1,0,0,0,0,0
689,Learmonth Avenue South,EH4 1PE,4,55.9556055,-3.22054,13/04/2009,2,1,1,1,2,2,1,0,0,0,0,0,1,1,1,0,0,0,0
690,Barnton Avenue,EH4 6JJ,14,55.96708,-3.2857196,23/06/2009,3,1,1,1,2,1,1,0,0,0,0,0,0,0,0,0,0,0,0
691,Gracemount Place,EH16 6EH,16,55.9079904,-3.1591439,27/01/2011,3,1,1,1,1,3,1,0,0,1,0,1,0,1,0,0,0,0,0
692,Craigleigh Avenue North,EH4 3LD,15,55.9525872,-3.246212,27/01/2010,3,1,1,1,1,2,1,0,0,1,0,0,0,1,0,0,0,0,0
693,Doublehedges Road,EH16 6TS,16,55.9204692,-3.1637156,21/06/2010,3,2,1,1,1,1,1,0,0,0,0,1,1,1,0,0,0,1,0
694,Great Junction Street,EH6 6DU,8,55.9728806,-3.1755716,22/10/2008,2,1,2,1,2,2,1,1,0,1,1,0,0,1,0,0,0,0,0
695,Wardieburn Place North,EH5 1DS,7,55.9784848,-3.2270874,16/12/2009,3,1,1,1,1,1,1,0,0,1,0,1,0,1,0,0,0,0,0
696,Gilberstoun Place,EH15 2RB,11,55.9409096,-3.0970312,16/06/2010,3,1,1,1,1,1,1,0,0,0,0,0,0,0,0,0,0,0,0
697,Bankhead Medway,EH11 4BY,13,55.9261837,-3.2958666,09/09/2009,3,1,1,1,2,1,1,0,0,0,1,0,1,1,0,0,0,0,0
698,Kirk Street,EH6 5EY,8,55.9706642,-3.1732081,29/04/2010,2,1,1,1,2,2,1,0,0,1,0,0,0,1,0,0,0,0,0
699,High School Yards,EH1 1LZ,6,55.9487923,-3.1843519,18/08/2008,2,1,1,1,2,1,1,0,0,1,1,1,0,1,0,0,0,0,0
700,Claremont Terrace,EH7 4HX,12,55.9636715,-3.1918087,25/06/2009,2,1,1,1,1,2,1,0,0,1,0,0,0,1,0,0,0,0,0
701,Orchard Brae Gardens,EH4 2HH,4,55.9564235,-3.2258952,,3,1,1,1,2,2,1,0,0,0,0,0,0,1,0,0,0,0,0
702,Dean Street,EH4 1LL,4,55.958136,-3.2121607,18/06/2010,2,1,1,1,1,1,1,1,0,1,0,0,0,1,0,0,0,0,0
703,High Street South Queensferry,EH30 9HW,14,55.9898061,-3.3950324,21/10/2008,3,1,1,1,1,1,1,0,0,0,0,0,0,0,0,0,0,0,0
704,Grierson Gardens,EH5 2AS,7,55.9765838,-3.2173129,22/10/2008,3,1,1,1,2,2,1,0,0,1,1,0,0,1,0,0,0,0,0
705,Plewlands Croft,EH1 3EG,6,55.953252,-3.188267,27/10/2009,3,1,1,1,2,2,1,0,0,1,1,0,0,1,0,0,0,0,0
706,Lynedoch Place,EH3 7UA,4,55.9519042,-3.2140111,20/01/2011,2,1,1,1,1,2,2,1,0,1,0,1,0,1,0,0,0,0,0
707,Glendevon Park,EH12 5XA,15,55.9394732,-3.2553323,28/04/2009,3,1,1,1,2,2,1,0,0,0,0,0,0,0,0,0,0,0,0
708,Muir Wood Crescent,EH14 5HG,10,55.9022276,-3.2982054,28/04/2009,3,2,1,1,2,2,1,0,0,1,1,0,0,1,0,0,0,1,0
709,Hermitage Gardens,EH10 6BA,3,55.9225557,-3.2076128,03/11/2009,3,1,1,1,1,2,1,0,0,1,0,0,0,1,0,0,0,0,0
710,Stevenson Drive,EH11 3DP,13,55.9341202,-3.2568139,22/02/2011,3,1,1,1,1,1,1,0,0,1,1,0,0,1,0,0,0,0,0
711,Craiglea Place,EH10 5QD,3,55.9210842,-3.2222862,17/09/2008,3,1,1,1,1,3,1,0,0,0,0,1,0,1,0,0,0,0,0
712,Grindlay Street,EH3 9AX,6,55.9467224,-3.2041658,12/05/2008,1,1,1,1,1,1,1,2,0,1,0,0,0,1,0,0,0,0,0
713,Laichpark Road,EH14 1XA,2,55.9273063,-3.2514947,08/06/2010,3,1,1,1,1,2,1,0,0,0,0,0,0,0,0,0,0,0,0
714,Stewart Place,EH29 9BQ,14,55.9585006,-3.4025642,09/09/2009,3,1,1,1,1,1,1,0,0,1,0,0,0,1,0,0,0,0,0
715,Saltire Street ,EH5 1PT,7,55.9817833,-3.2372006,26/06/2010,3,1,1,1,2,1,1,0,0,1,0,0,0,1,0,0,0,0,0
716,Agnew Terrace,EH6 4QU,12,55.9730761,-3.1922331,22/10/2008,2,1,1,1,1,1,1,0,0,0,0,0,0,0,0,0,0,0,0
717,Sighthill Grove,EH11 4QN,13,55.9213417,-3.281004,29/10/2010,2,1,1,1,2,2,1,0,0,0,0,0,1,1,0,0,0,0,0
718,Laverockbank Gdns,EH5 3DR,7,55.9786648,-3.1999523,22/10/2010,3,1,1,1,2,2,1,0,0,0,0,0,0,0,0,0,0,0,0
719,Elidon Terrace,EH3 5NL,4,55.9668489,-3.2030881,02/02/2011,2,1,1,1,2,4,1,0,0,1,1,0,0,1,0,0,0,0,0
720,Kings Place,EH15 1DU,11,55.9581744,-3.1185568,23/06/2009,3,1,1,1,2,2,1,0,0,1,0,0,0,1,0,0,0,0,0
721,Saughton Mains Street,EH11 3HE,13,55.9320489,-3.2657336,18/08/2008,3,1,1,1,2,2,1,0,0,1,1,0,0,1,0,0,1,0,0
722,Swanston Road,EH10 7BB,5,55.9004636,-3.2171027,18/08/2008,3,1,1,1,3,3,1,0,0,1,1,0,1,1,0,0,0,0,0
723,India Place,EH3 6EH,4,55.9568675,-3.2083656,02/02/2011,2,1,1,1,1,2,1,0,0,1,0,0,0,1,0,0,0,0,0
724,Redford Court,EH13 9NF,5,55.904884,-3.2383632,16/12/2009,2,1,1,1,2,3,1,0,0,1,1,1,0,1,1,0,0,0,0
725,Broomhouse Square,EH11 3RS,13,55.928772,-3.280844,11/02/2011,2,1,1,1,1,2,1,0,0,1,1,0,0,1,0,0,0,0,0
726,Gillsland Park,EH1 3EG,6,55.953252,-3.188267,26/04/2010,3,1,1,1,1,1,1,0,0,1,0,1,0,1,0,0,0,0,0
727,Cables Wynd,EH6 6DT,8,55.9738467,-3.1746002,13/04/2009,2,1,1,1,1,1,1,0,0,1,0,1,0,1,1,0,0,0,0
728,Pitsligo Road,EH10 4RY,3,55.9315729,-3.2045777,18/08/2008,3,1,1,1,1,2,1,0,0,0,0,0,0,0,0,0,0,0,0
729,Loganlea Place,EH7 6PB,1,55.9579025,-3.1444561,26/10/2010,3,1,1,1,1,1,1,0,0,0,0,1,0,1,0,0,0,0,0
730,Willowbrae Gardens ,EH8 7EW,1,55.9528042,-3.1445624,17/06/2010,3,1,1,1,2,2,1,0,0,1,1,0,0,1,0,0,0,0,0
731,Curriehill Castle Drive,EH14 5TB,10,55.894119,-3.332356,23/06/2009,3,1,1,1,2,2,1,0,0,0,0,1,0,1,0,0,0,0,0
732,Summerside Street,EH6 4NU,7,55.9749136,-3.1884443,08/09/2009,2,1,1,2,2,2,1,0,0,1,1,1,0,1,0,0,0,0,0
733,Claremont Road,EH6 7NH,8,55.9687066,-3.155803,14/12/2008,2,1,1,1,2,2,1,1,0,1,0,1,0,1,0,0,0,0,1
734,Gilmerton Dykes Grove,EH17 8JF,16,55.9048436,-3.1472766,18/06/2009,3,1,1,1,1,1,1,0,0,0,0,0,0,0,0,0,0,0,0
735,Magdalene Loan,EH15 3DP,11,55.941784,-3.1068463,16/06/2010,3,1,1,1,1,2,1,0,0,1,1,1,0,1,0,0,0,0,0
736,Orchard Brae West,EH4 2EW,4,55.9578027,-3.2255145,14/12/2008,3,1,1,1,2,2,1,2,0,0,1,1,0,1,0,0,0,0,0
737,Boswell Crescent,EH5 2ER,7,55.9748328,-3.2205181,11/06/2008,3,2,1,1,3,1,1,0,0,1,0,1,0,1,0,0,0,1,0
738,Halmyre Street,EH6 8PE,12,55.9669366,-3.171614,18/06/2010,2,1,1,1,1,1,1,0,0,0,0,0,0,0,0,0,0,0,0
739,Moredun Vale Park,EH17 7JW,16,55.913666,-3.1443227,,3,1,1,1,2,2,1,0,0,1,0,0,0,1,0,0,0,0,0
740,Craigleith Drive,EH4 3JT,15,55.953611,-3.2413798,21/10/2008,3,1,1,1,2,1,1,0,0,1,0,0,0,1,0,0,0,0,0
741,West Pilton Bank,EH4 4HN,7,55.9728058,-3.2507318,12/06/2009,2,1,1,1,1,1,1,0,0,1,1,1,0,1,0,0,0,0,0
742,Murrayburn Green,EH14 2PL,13,55.919326,-3.280557,21/10/2009,2,1,1,1,1,1,1,0,0,1,1,0,0,1,0,0,0,0,0
743,Braehead Loan,EH4 6BL,14,55.9631259,-3.3111337,12/10/2010,3,1,1,1,1,1,1,0,0,0,0,0,0,0,0,0,0,0,0
744,Boswell Square ,EH5 2EQ,7,55.9730835,-3.2211583,12/06/2009,3,2,1,1,1,1,1,0,0,0,1,0,0,1,0,0,0,1,0
745,Beechmont Crescent,EH1 3EG,6,55.953252,-3.188267,,3,1,1,1,1,1,1,0,0,1,1,0,0,1,0,0,0,0,0
746,Cherry Tree Place,EH14 5AS,10,55.8926701,-3.3250089,10/06/2010,3,1,1,1,1,1,1,0,0,0,0,0,0,0,0,0,0,0,0
747,Stoneycroft Road,EH30 9HX,14,55.988981,-3.3948211,18/08/2008,4,1,1,1,3,3,1,0,0,0,1,0,0,1,0,0,0,0,0
748,Tanfield,EH3 5HF,4,55.9637347,-3.2017435,22/02/2011,2,1,1,1,1,1,1,0,0,1,0,0,0,1,0,0,0,0,0
749,Bangholm Loan,EH5 3AH,7,55.9725465,-3.2009817,15/06/2009,3,1,1,1,2,1,1,0,0,0,0,1,0,1,0,0,0,0,0
750,Redford Loan,EH13 0BS,5,55.903812,-3.2465215,28/04/2009,3,1,1,1,2,1,1,0,0,0,0,0,0,0,0,0,0,0,0
751,Braid Mount Crest,EH10 6JH,3,55.9136981,-3.2087487,22/02/2011,3,1,1,1,2,1,1,0,0,0,0,0,0,0,0,0,0,0,0
752,Boswall Quadrant,EH5 2EJ,7,55.973332,-3.2208287,19/08/2008,3,1,1,1,2,1,1,0,0,0,0,0,0,0,0,0,0,0,0
753,Argyle Park Terrace,EH9 1JY,3,55.9396482,-3.1920258,,2,1,1,1,1,2,1,0,0,0,0,0,0,0,0,0,0,0,0
754,Inverleith Grove,EH3 5PB,4,55.9652538,-3.2209001,30/06/2009,3,1,1,1,3,2,1,0,0,0,0,0,0,0,0,0,0,0,0
755,Howdenhall Drive,EH16 6UZ,16,55.9038662,-3.1753503,25/02/2009,3,1,1,1,1,1,1,0,0,0,1,1,0,1,0,0,0,0,0
756,Spey Street,EH7 4PY,12,55.9637026,-3.1791116,19/08/2008,2,2,1,1,2,2,1,0,0,1,1,0,0,1,0,0,0,1,0
757,Ventor Terrace,EH9 2BW,17,55.9318924,-3.1703908,18/06/2009,3,1,1,1,2,2,1,0,0,0,0,0,0,0,0,0,0,0,0
758,Hanover Street,EH2 2DX,6,55.9534681,-3.1972576,19/01/2011,1,1,1,1,2,2,1,1,0,1,0,0,0,1,0,0,0,0,0
759,Cluny Avenue,EH10 4RN,3,55.925389,-3.2052935,15/10/2010,3,1,1,1,1,2,1,0,0,0,0,0,0,0,0,0,0,0,0
760,Polwarth Grove,EH11 1LY,2,55.935242,-3.2221362,11/02/2011,3,1,1,1,2,2,1,0,0,0,1,0,1,1,0,0,0,0,0
761,Corstorphine Road,EH12 6JG,15,55.9444383,-3.2544713,27/10/2009,3,1,1,1,2,2,1,0,0,0,0,0,0,1,0,0,0,0,0
762,Cameron Toll Lade,EH16 4US,16,55.927746,-3.1564382,26/04/2010,3,1,1,1,2,2,1,0,0,1,1,0,0,1,0,0,0,0,0
763,Parkgrove Row,EH4 7RF,9,55.9579078,-3.2941484,18/06/2008,3,1,1,1,3,2,1,0,0,1,0,0,0,1,0,0,0,0,1
764,Hillcoat Place,EH15 1TW,11,55.9572525,-3.1188458,26/10/2010,2,1,1,1,1,1,1,0,0,0,0,0,0,0,0,0,0,0,0
765,Mertoun Place,EH11 1JZ,2,55.9373512,-3.2189208,,2,1,1,1,1,2,1,0,0,0,1,0,0,1,0,0,0,0,0
766,Saughtonhall Terrace,EH12 5QW,15,55.9430891,-3.2491621,28/04/2008,3,1,1,1,2,1,1,0,0,0,0,0,0,0,0,0,0,0,0
767,Kinghorn Place,EH6 4BN,12,55.9724443,-3.1897007,22/10/2008,3,1,1,1,1,1,1,0,0,0,0,0,0,0,0,0,0,0,0
768,Henderland Road,EH12 6BB,15,55.9482435,-3.236709,27/01/2011,3,1,1,1,1,1,1,0,0,0,0,1,0,1,0,0,0,0,0
769,Keir Street,EH3 9EU,6,55.9456653,-3.1974778,22/02/2011,1,1,1,1,1,1,1,0,0,1,1,0,0,1,0,0,0,0,0
770,Brand Drive,EH15 3AH,11,55.9455885,-3.1068228,,3,1,1,1,2,1,1,0,0,0,1,0,0,1,0,0,0,0,0
771,Belgrave Crescent,EH4 3AH,4,55.9538877,-3.2175041,13/04/2009,3,1,1,1,3,2,1,0,0,1,0,0,1,1,0,1,0,0,0
772,Jamica Mews,EH3 6HL,6,55.955829,-3.203885,25/02/2009,2,1,1,1,1,1,1,0,0,0,0,0,0,0,0,0,0,0,0
773,Barnton Park Dell,EH4 6HW,14,55.9627194,-3.2874224,27/10/2009,3,1,1,1,2,2,1,0,0,0,1,0,0,1,0,0,0,0,0
774,Shaftesbury Park,EH11 1SP,2,55.9323599,-3.2305878,14/10/2008,3,1,1,1,2,2,1,0,0,0,0,1,0,1,0,0,0,0,0
775,Denham Green Place ,EH5 3PB,7,55.9735713,-3.2074911,15/06/2009,3,1,1,1,1,1,1,0,0,0,0,0,0,0,0,0,0,0,0
776,Wardieburn Road,EH5 1LZ,7,55.9770618,-3.2294012,20/10/2009,3,2,1,1,2,2,1,0,0,1,1,0,0,1,0,0,0,1,0
777,Cairns Drive,EH14 7HH,10,55.8777583,-3.3445812,28/04/2009,3,1,1,1,1,2,1,0,0,0,0,0,0,0,0,0,0,0,0
778,Essex Brae,EH4 6LN,14,55.9677605,-3.3119686,22/02/2011,3,1,1,1,1,1,1,0,0,0,0,0,0,0,0,0,0,0,0
779,Gillespie Crescent,EH10 4HU,3,55.9402728,-3.2058502,25/02/2009,3,1,1,1,1,2,1,0,0,1,0,1,0,1,0,0,0,0,0
780,Lochside Place,EH12 9HA,9,55.932496,-3.3132099,14/06/2010,3,1,1,1,1,2,1,0,0,1,0,0,0,1,0,0,0,0,0
781,Eltringham Grove,EH14 1SH,2,55.9309205,-3.2460508,08/06/2010,3,1,1,1,2,2,1,0,0,0,1,0,0,1,0,0,0,0,0
782,Abercorn Grove,EH8 7HS,1,55.9519993,-3.1476058,14/04/2010,3,1,1,1,2,2,1,0,0,1,0,1,1,1,0,0,1,0,0
783,Wheatfield Terrace,EH11 2PB,13,55.9381436,-3.2342355,29/10/2010,2,1,1,1,2,2,1,0,0,1,0,0,0,1,0,0,0,0,0
784,Seafield Road East,EH15 1ED,1,55.9630059,-3.1289891,12/09/2008,2,1,1,1,1,2,1,0,0,0,1,0,0,1,0,0,0,0,0
785,Learmonth Gardens,EH4 1BP,4,55.9566373,-3.2200641,28/04/2008,2,1,1,1,2,2,1,0,0,1,0,0,1,1,0,0,1,0,0
786,Tynecastle Terrace,EH11 2NT,13,55.9381119,-3.2325912,28/04/2008,2,1,1,1,2,1,1,0,0,1,0,1,0,1,0,0,0,0,0
787,Baileyfield Crescent,EH15 1BE,11,55.9533985,-3.1199588,16/12/2008,3,1,1,1,1,2,1,0,0,1,0,0,0,1,0,0,0,0,0
788,Craigour Terrace,EH17 7PG,16,55.9155154,-3.1341521,08/09/2009,3,1,1,1,2,2,1,0,0,1,0,0,0,0,1,0,0,0,0
789,Craigentinny Place,EH7 6PZ,1,55.9566908,-3.1372307,16/09/2008,3,1,1,1,2,2,1,0,0,1,0,0,0,1,0,0,0,0,0
790,Carrick Knowe Hill,EH12 7BR,15,55.9351766,-3.2701152,14/06/2010,3,1,1,1,2,1,1,0,0,1,1,0,0,1,0,0,0,0,0
791,Roseburn Place,EH12 5NL,15,55.9451708,-3.2356277,09/06/2009,3,1,1,1,1,2,1,0,0,1,1,0,0,1,0,0,0,0,0
792,Burns Place ,EH6 5QD,12,55.9710068,-3.1875485,22/10/2010,3,1,1,1,2,2,1,0,0,1,0,0,1,1,0,0,0,0,0
793,Belford Gardens,EH4 3EW,4,55.953783,-3.2327913,15/06/2010,3,1,1,1,1,1,1,0,0,0,0,0,0,0,0,0,0,0,0
794,Queensferry Terrace,EH4 3EQ,4,55.9536318,-3.2291907,25/02/2009,3,1,1,1,1,1,1,0,0,0,0,0,0,0,0,0,0,0,0
795,Wester Broom Terrace,EH12 7RE,9,55.9366576,-3.2923394,27/10/2009,3,1,1,1,2,2,1,0,0,0,0,0,1,1,0,0,0,0,0
796,Midmar Drive ,EH10 6BU,3,55.9232601,-3.200146,10/06/2010,3,1,1,1,1,2,1,0,0,0,0,0,0,0,0,0,0,0,0
797,Pentland Terrace ,EH10 6EY,3,55.9162603,-3.2130294,10/06/2010,3,1,3,2,2,2,1,1,0,1,0,1,0,1,0,0,0,0,0
798,Leamington Place,EH10 4JR,3,55.9396644,-3.2087169,21/06/2010,2,1,1,1,1,1,1,0,0,0,1,0,0,1,0,0,0,0,0
799,Balmwell Avenue,EH16 6HE,16,55.9026815,-3.1587187,17/12/2009,3,2,1,1,1,1,1,0,0,0,0,1,0,1,0,0,0,1,0
800,Craigcrook Park,EH4 3PL,4,55.9562828,-3.2620259,,3,1,1,1,2,1,1,0,0,1,0,0,0,1,0,0,0,0,0
801,Fauldburn,EH12 8YJ,9,55.9554039,-3.3046818,14/06/2010,3,1,1,1,2,2,1,0,0,1,0,0,0,1,0,0,0,0,0
802,Blink Bonny Road,EH4 3HY,4,55.9525849,-3.2369297,22/10/2010,3,2,1,1,2,2,1,0,0,0,1,0,0,1,0,0,0,1,0
803,Bonnington Road,EH6 5NP,12,55.9707206,-3.1798763,25/06/2009,2,1,1,1,1,1,1,0,0,0,0,0,0,0,0,0,0,0,0
804,Kirkliston Road,EH30 9NZ,14,55.9853219,-3.3964622,,4,1,1,1,1,1,1,0,0,1,1,0,0,1,0,0,0,0,0
805,Boswall Parkway,EH5 2HZ,7,55.975671,-3.228883,16/12/2009,3,1,1,1,1,2,1,0,0,1,1,1,1,1,0,0,0,0,0
806,Salveson Crescent,EH4 5JL,7,55.9748155,-3.2596609,11/06/2008,3,1,1,1,3,2,1,0,0,1,0,1,0,1,0,0,0,0,0
807,Pirniefield Place,EH6 7QF,8,55.9685578,-3.151866,25/02/2009,2,1,1,1,2,2,1,0,0,1,0,0,0,1,0,0,0,0,0
808,Broomhall Bank,EH12 7PH,15,55.936083,-3.2881577,17/06/2008,3,1,1,1,3,2,1,0,0,1,0,1,0,1,0,0,0,0,0
809,Burgess Street,EH6 6RD,8,55.9751577,-3.170134,20/10/2009,3,1,1,1,2,2,1,0,0,1,1,0,0,1,0,0,0,0,0
810,Mortonhall Park View,EH17 8SW,16,55.9006053,-3.1696844,03/11/2009,3,1,1,1,1,2,1,0,0,0,0,0,0,0,0,0,0,0,0
811,Silverknowes Midway,EH4 5PP,14,55.9673636,-3.2661539,,3,1,1,1,1,2,1,0,0,0,0,0,0,0,0,0,0,0,0
812,Melville Drive,EH9 1JY,3,55.9399103,-3.1918383,,2,1,1,1,1,1,1,0,0,0,0,0,0,0,0,0,0,0,0
813,Greenmantle Loan,EH16 6DT,16,55.9177385,-3.155446,03/11/2009,3,1,1,1,1,1,1,0,0,1,0,0,0,1,0,0,0,0,0
814,Shandwick Place,EH2 4RT,6,55.9495637,-3.2095106,05/05/2009,1,1,1,1,1,2,1,2,0,1,0,0,0,1,0,0,0,0,0
815,Kirk Crammond,EH4 6NS,14,55.9781653,-3.2995667,28/04/2010,3,1,1,1,1,1,1,0,0,0,0,0,0,0,0,0,0,0,0
816,Wester Coates Gardens,EH12 5LT,15,55.9479479,-3.2302499,09/09/2009,3,1,1,1,2,2,1,0,0,0,0,0,0,1,0,0,0,0,0
817,Nether Currie Crescent,EH14 5JG,10,55.9026424,-3.302337,27/01/2010,3,1,1,1,1,1,1,0,0,0,1,0,0,1,0,0,0,0,0
818,Wardie Steps,EH5 1ES,7,55.9798368,-3.216586,11/06/2010,3,1,1,1,3,2,1,0,0,1,0,1,0,1,0,0,0,0,0
819,Ballantyne Road,EH6 5LT,8,55.9743535,-3.1786747,13/04/2009,2,1,1,1,2,1,1,0,0,0,1,1,0,1,0,0,0,0,0
820,Corslet Terrace,EH14 5LS,10,55.9001805,-3.3073774,27/01/2009,3,2,1,1,1,2,1,0,0,0,0,0,0,0,0,0,0,1,0
821,Cowan Road,EH11 1RJ,2,55.9311958,-3.229858,14/04/2010,3,1,1,1,1,2,1,0,0,0,1,1,0,1,0,0,0,0,0
822,Salamander Yards,EH6 7HB,8,55.9719654,-3.154419,29/04/2010,2,1,1,1,1,1,1,0,0,1,0,0,0,1,1,0,0,0,0
823,Trinity Road,EH5 3JU,7,55.9770814,-3.2068297,08/09/2009,3,1,1,1,2,2,1,0,0,0,0,0,0,0,0,0,0,0,0
824,Bleachfield,EH6 5TE,12,55.9705961,-3.1900675,22/10/2010,3,1,1,1,2,2,1,0,0,1,1,1,0,1,0,1,0,0,0
825,Constitution Street - Car Park Entrance,EH1 3EG,6,55.953252,-3.188267,16/12/2009,3,1,1,1,1,1,1,0,0,1,1,1,0,1,0,0,0,0,0
826,Murrayburn Drive,EH14 2SU,13,55.9177469,-3.2886338,09/09/2009,2,1,1,1,1,1,1,0,0,0,0,0,0,0,0,0,0,0,0
827,Dalmahoy Road,EH27 8EG,10,55.9141955,-3.3737083,21/10/2009,4,1,1,1,1,1,1,0,0,0,0,0,0,0,0,0,0,0,0
828,Dumbiedykes Road,EH8 9UT,17,55.9485226,-3.1780635,22/02/2011,1,1,1,1,1,1,1,0,0,1,1,0,0,1,0,0,0,0,0
829,Carrick Knowe Place,EH12 7EP,15,55.936828,-3.270484,18/08/2008,3,1,1,1,3,3,1,0,0,0,0,0,0,0,0,0,0,0,0
830,Little Road,EH16 6SH,16,55.909797,-3.1600812,21/06/2010,3,1,1,1,1,1,1,0,0,0,0,0,0,0,0,0,0,0,0
831,Old Church Lane,EH15 3PY,1,55.9407742,-3.1557775,14/04/2010,3,1,1,1,2,3,1,0,0,1,1,1,0,1,0,0,0,0,0
832,Gillespie Road,EH13 0LL,5,55.9071039,-3.2665534,23/06/2009,3,1,1,1,1,2,1,0,0,0,1,1,0,1,0,0,0,0,0
833,Drumbrae Park,EH4 7QA,9,55.9562757,-3.2961394,,3,2,1,1,2,2,1,0,0,1,0,1,0,1,0,0,0,1,0
834,Brand Place,EH8 8EF,6,55.9559508,-3.1693251,,2,1,1,1,1,2,1,0,0,1,0,0,0,1,0,0,0,0,0
835,Harlaw March,EH14 7BJ,10,55.8793571,-3.3331193,28/04/2009,3,1,1,1,2,3,1,0,0,0,1,0,1,1,0,0,0,0,0
836,Barton Park,EH1 3EG,6,55.953252,-3.188267,25/02/2009,3,1,1,1,2,1,1,0,0,0,0,0,0,0,0,0,0,0,0
837,Magdeline Court,EH15 3EF,11,55.9407599,-3.1135627,,3,1,1,1,2,2,1,0,0,1,1,0,0,1,0,0,0,0,0
838,Broomhouse Road,EH11 3UR,13,55.9284583,-3.2845576,10/06/2010,2,1,1,1,1,2,1,0,0,0,1,0,0,1,0,0,0,0,0
839,Allan Street,EH4 1JG,4,55.9590833,-3.2135292,16/12/2009,2,1,1,1,2,3,1,0,0,1,0,1,0,1,0,0,1,0,0
840,Bellevue Lane,EH7 4JP,12,55.9607398,-3.1930564,08/09/2009,2,1,1,2,2,2,1,0,0,1,1,0,0,1,0,0,0,0,0
841,Craigpark Crescent,EH28 8RN,10,55.9210376,-3.3865997,09/09/2009,3,1,1,1,1,1,1,0,0,0,0,0,0,0,0,0,0,0,0
842,Plewlands Crescent,EH10 5JY,3,55.9231908,-3.2195896,18/06/2009,3,1,1,1,2,2,1,0,0,1,0,0,0,1,0,0,0,0,0
843,Zetland Place,EH5 3LZ,7,55.9758693,-3.2098816,,3,1,1,1,2,2,1,0,0,0,0,0,0,1,0,0,0,0,0
844,West Powerburn,EH9 3EW,17,55.9293824,-3.1782495,18/08/2008,3,1,1,1,1,1,1,0,0,0,1,0,1,0,1,0,0,0,0
845,Ravelston Dykes Road,EH4 3PA,15,55.9529761,-3.2570195,09/06/2009,3,1,1,1,1,2,1,0,0,1,0,1,0,1,0,0,0,0,0
846,Relugas Road,EH9 2NA,17,55.9298669,-3.1808369,17/12/2009,3,1,1,1,1,1,1,0,0,0,0,0,0,0,0,0,0,0,0
847,North Junction Street,EH6 6HP,8,55.9767643,-3.1796093,14/12/2008,2,2,1,1,2,2,1,2,0,1,1,1,1,1,0,0,0,1,0
848,Meadow Lane,EH8 9NR,17,55.9423235,-3.1861714,22/04/2009,2,1,1,1,1,1,1,0,0,1,0,0,1,1,0,0,0,0,0
849,Moredunvale Place,EH17 7ND,16,55.914597,-3.1391509,22/02/2011,3,1,1,1,1,2,1,0,0,1,1,0,0,1,0,0,0,0,0
850,Notrh Hillhousefield,EH6 4HU,8,55.9779866,-3.1860693,25/06/2009,2,1,1,1,1,1,1,0,0,1,1,0,0,1,0,0,0,0,0
851,Bath Street Lane,EH15 1EX,11,55.9529324,-3.113018,14/04/2010,2,1,1,1,2,2,1,0,0,1,0,0,0,1,0,0,0,0,0
852,Laverockbank Gardens,EH5 3DR,7,55.9786648,-3.1999523,30/06/2009,3,1,1,1,1,1,1,0,0,0,0,0,0,0,0,0,0,0,0
853,Colliesdene Terrace,EH15 2JN,11,55.9467152,-3.0938061,25/02/2009,3,1,1,1,2,1,1,0,0,0,0,0,0,0,0,0,0,0,0
854,Hutchison Park,EH14 1RG,2,55.9312494,-3.2438126,16/09/2008,3,1,1,1,2,2,1,0,0,1,1,0,0,1,0,0,0,0,0
855,Steel'S Place,EH10 4QR,3,55.9283456,-3.2089547,08/09/2009,2,1,1,1,2,2,1,0,0,1,0,0,0,1,0,0,0,0,0
856,Magdalene Gardens,EH15 3DN,11,55.9411477,-3.1090952,29/10/2009,2,1,1,1,1,1,1,0,0,1,0,1,0,1,0,0,0,0,0
857,Curriehill Road,EH14 5PT,10,55.8988271,-3.314642,09/09/2009,4,1,1,1,1,1,1,0,0,0,0,0,0,0,0,0,0,0,0
858,Baberton Mains Way,EH14 3HE,10,55.9101137,-3.2950586,05/09/2008,3,1,1,1,2,2,1,0,0,1,0,1,0,1,0,0,0,0,0
859,Wolseley Terrace,EH8 7DF,1,55.9542831,-3.1499537,24/06/2009,2,1,1,1,1,1,1,0,0,1,0,1,0,1,0,0,0,0,0
860,White Park,EH11 1TZ,13,55.9373392,-3.2320189,09/09/2009,2,1,1,1,1,1,1,0,0,0,0,0,0,0,0,0,0,0,0
861,Upper Cramond Court,EH4 6RQ,14,55.9670054,-3.3070447,27/10/2009,3,1,1,1,2,2,1,0,0,0,1,0,0,1,0,0,0,0,0
862,Viewforth,EH10 4LQ,3,55.9390795,-3.2112139,03/11/2009,2,1,1,1,1,3,1,0,0,0,0,1,1,1,0,0,0,0,0
863,Duncan Place,EH6 8HW,8,55.9705646,-3.1676244,29/04/2010,2,1,1,1,2,2,1,0,0,1,0,1,0,1,0,0,0,0,0
864,Portsburgh Square,EH1 2JB,6,55.9468258,-3.1988017,22/02/2011,2,1,1,1,1,1,1,0,0,1,0,0,0,1,0,0,0,0,0
865,Warriston Gardens,EH3 5NG,4,55.968861,-3.2030038,08/09/2008,3,1,1,1,3,2,1,0,0,1,0,1,0,1,0,0,0,0,0
866,Goodtrees Gardens,EH17 7RH,16,55.9153324,-3.141256,15/10/2010,3,1,1,2,2,2,1,0,0,1,1,0,0,1,0,0,0,0,0
867,Abercromby Place,EH3 6LF,6,55.9566254,-3.1961282,28/10/2010,2,1,1,1,2,2,1,0,0,1,0,0,0,1,0,0,0,0,0
868,St Giles Street,EH1 1PT,6,55.9500417,-3.1921718,16/12/2009,1,2,1,1,2,2,1,0,0,1,0,0,0,1,0,1,0,1,0
869,Hamilton Wynd,EH1 3EG,6,55.953252,-3.188267,22/02/2011,2,1,1,1,1,1,1,0,0,1,1,1,0,1,0,0,0,0,0
870,Duddingston Gardens South,EH15 1RF,1,55.9435156,-3.1270875,25/06/2010,3,1,1,1,1,1,1,0,0,0,0,0,0,0,0,0,0,0,0
871,Peatville Terrace,EH14 2EB,13,55.9202744,-3.2640701,10/06/2010,3,1,1,1,1,1,1,0,0,0,1,0,0,1,0,0,0,0,0
872,Ryehill Gardens,EH6 8ES,8,55.9670161,-3.1593919,22/10/2010,2,1,1,1,1,2,1,0,0,0,0,0,0,0,0,0,0,0,0
873,Lawson Crescent,EH30 9JE,14,55.9866977,-3.3910217,27/01/2010,3,1,1,1,2,2,1,0,0,1,0,1,0,1,0,0,0,0,0
874,Haillesland Gardens ,EH14 2QE,13,55.9175735,-3.2777203,10/06/2009,2,1,1,1,3,2,1,0,0,1,1,1,1,1,0,0,0,0,0
875,Lasswade Bank,EH17 8HX,16,55.9024732,-3.1493302,15/10/2010,3,1,1,1,1,2,1,0,0,0,0,0,0,0,0,0,0,0,0
876,Meadowfield Avenue,EH8 7NW,1,55.9462108,-3.1380424,16/12/2008,3,2,1,1,1,1,1,0,0,0,0,1,0,1,0,0,0,1,0
877,Semple Street,EH3 8BL,2,55.9451458,-3.2065971,24/06/2009,1,1,1,1,1,1,1,0,0,1,0,1,0,1,0,0,0,0,0
878,South Charlotte Lane (Randolph Lane),EH3 7TD,6,55.9518873,-3.2099364,16/12/2009,2,2,1,1,2,2,1,0,0,1,1,1,0,1,1,0,0,1,0
879,Elder Street,EH1 3DX,6,55.9554572,-3.1903904,10/06/2009,1,1,1,2,2,3,2,0,0,1,1,1,1,1,0,0,0,0,0
880,Carfrae Road,EH4 3SA,4,55.9584974,-3.2613804,29/04/2010,3,1,1,1,2,2,1,0,0,0,1,0,0,1,0,0,0,0,1
881,Torphin Road,EH13 0HW,5,55.9019327,-3.2685414,25/02/2009,4,1,1,1,2,2,1,0,0,1,0,1,0,1,0,0,0,0,0
882,Dundas Avenue,EH30 9QB,14,55.9852178,-3.3898393,23/06/2009,3,2,1,1,2,2,1,0,0,0,0,0,0,0,0,0,0,1,0
883,East Terrace,EH30 9HS,14,55.9895496,-3.3938061,25/02/2009,3,1,1,1,1,2,1,0,0,1,1,1,0,1,0,0,0,0,0
884,Buskstone Road,EH10 6UA,5,55.9072155,-3.203986,27/01/2009,3,1,1,1,2,1,1,0,0,0,0,1,0,1,0,0,0,0,0
885,Craiglockhart Place,EH14 1NA,2,55.9238008,-3.240105,10/06/2010,3,1,1,1,2,1,1,0,0,0,0,1,0,1,0,0,0,0,0
886,Echline Park,EH30 9XQ,14,55.9858034,-3.4137184,24/06/2010,3,1,1,1,2,1,1,0,0,0,0,0,0,0,0,0,0,0,0
887,Southhouse Walk,EH17 8FE,16,55.9009018,-3.1547652,05/02/2011,2,1,1,1,1,2,1,0,0,1,0,0,0,1,0,0,0,0,0
888,Burdiehouse Drive,EH17 8BA,16,55.8968724,-3.1573928,,3,1,1,1,1,1,1,0,0,0,0,0,0,0,0,0,0,0,0
889,Sunnybank,EH7 5TL,1,55.9561824,-3.1619324,25/06/2010,2,1,1,1,2,1,1,0,0,1,0,0,0,1,0,0,0,0,0
890,Orchard Road,EH4 2HE,4,55.9562737,-3.2304205,19/08/2008,3,1,1,1,2,2,1,0,0,1,0,1,0,1,0,0,0,0,0
891,Redhall Road,EH14 2HN,13,55.9227543,-3.2585177,14/04/2010,3,1,1,1,1,2,1,0,0,0,0,0,0,0,0,0,0,0,0
892,Easter Drylaw Loan,EH4 2RJ,4,55.9660076,-3.2471548,15/06/2009,3,1,1,1,3,2,1,0,0,1,1,1,0,1,0,0,0,0,0
893,Regent Street Lane,EH15 2AL,11,55.9535745,-3.1103137,29/10/2009,2,1,1,1,3,3,1,0,0,1,0,1,0,1,0,0,0,0,0
894,Roseburn Terrace,EH12 6AN,15,55.9455702,-3.234335,,1,1,1,1,1,1,1,0,0,1,0,0,0,1,1,0,0,0,0
895,Hill Park Green,EH4 7TB,4,55.9575523,-3.2683169,11/06/2008,3,1,1,1,1,2,1,0,0,0,0,0,0,0,0,0,0,0,0
896,Bramdean View,EH10 6JX,3,55.9154578,-3.205925,17/09/2008,3,1,1,1,1,2,1,0,0,1,0,0,0,1,0,0,0,0,0
897,Granton Park Avenue,EH5 1HS,7,55.9804506,-3.2320521,02/02/2011,3,1,1,1,2,3,1,0,0,0,0,0,0,0,0,0,0,0,0
898,Craigleith Hill Avenue,EH4 2JR,4,55.9601118,-3.2365182,13/04/2009,3,1,1,1,1,1,1,0,0,0,0,0,0,0,0,0,0,0,0
899,Lee Crescent,EH15 1LW,11,55.9514008,-3.1140017,,3,1,1,1,1,2,1,0,0,1,1,0,0,1,0,0,0,0,0
900,Hutchison Road,EH14 1RD,2,55.9305716,-3.2435557,,3,1,1,1,2,1,1,0,0,0,0,0,0,1,0,0,0,0,0
901,Munro Drive,EH13 0EG,5,55.9013238,-3.2618073,14/04/2010,3,1,1,1,1,2,1,0,0,1,0,1,1,1,0,0,0,0,0
902,Klondyke Street,EH21 8SQ,11,55.9348243,-3.0892041,12/09/2008,3,1,1,1,1,2,1,0,0,1,0,1,0,1,0,0,0,0,0
903,Gilmore Park,EH3 9RU,2,55.9418992,-3.2119812,14/10/2008,2,1,1,3,3,2,1,0,0,1,1,1,1,1,0,0,0,0,0
904,Pipe Street,EH15 1BS,11,55.9550621,-3.1166901,25/06/2010,2,1,1,1,1,1,1,0,0,1,0,0,0,1,0,0,0,0,0
905,Clovenstone Gardens,EH14 3EU,10,55.9134889,-3.2733163,05/09/2008,2,1,1,1,2,2,1,0,0,1,1,1,1,1,0,0,0,0,0
906,Roseburn Cliff,EH12 6AW,15,55.9460762,-3.2343867,09/06/2009,3,2,1,1,2,4,1,0,0,1,0,0,0,1,0,0,0,1,0
907,Priestfield Gardens,EH16 5JN,17,55.9343354,-3.1567118,24/06/2008,3,1,1,1,2,1,1,0,0,1,0,1,0,1,0,0,0,0,0
908,Churchhill Place,EH10 4BT,3,55.9319379,-3.2078669,,2,1,1,1,1,2,1,0,0,1,0,0,0,1,0,0,0,0,0
909,Eltringham Terrace,EH14 1RZ,2,55.9323819,-3.2456425,,2,1,1,1,1,1,1,0,0,0,0,0,0,0,0,0,0,0,0
910,Barntalloch Court,EH12 8UE,9,55.9463945,-3.3066019,27/10/2009,3,1,1,1,2,2,1,0,0,1,0,0,0,1,0,0,0,0,0
911,Kingsburgh Crescent,EH5 1JF,7,55.9817012,-3.2327827,02/02/2011,3,1,1,1,2,2,1,0,0,1,0,0,0,1,0,0,0,0,0
912,Chuckie Pend,EH3 8BG,6,55.9461412,-3.2067025,09/06/2010,1,1,1,1,2,2,1,0,0,1,0,0,0,1,0,0,0,0,0
913,Lower Joppa,EH15 2ER,11,55.9501711,-3.0992214,22/02/2011,3,1,1,1,1,1,1,1,0,0,0,0,0,0,0,0,0,0,0
914,Telford Gardens,EH4 2PU,4,55.9641121,-3.2393939,,3,1,1,1,2,2,1,0,0,0,0,1,0,1,0,0,0,0,0
915,Bellfield Terrace,EH15 2BJ,11,55.9529282,-3.1086623,12/09/2008,2,1,1,1,1,1,1,0,0,0,0,0,0,0,0,0,0,0,0
916,Craiglockhart View,EH14 1BX,2,55.9239535,-3.237964,22/02/2011,3,1,1,1,1,1,1,0,0,1,1,0,0,1,0,0,0,0,0
917,Baberton Crescent,EH14 5BW,10,55.9069826,-3.2793751,28/04/2009,3,1,1,1,2,2,1,0,0,1,0,0,0,1,0,0,0,0,0
918,Pier Place,EH6 4LP,8,55.9807356,-3.1963039,08/09/2009,2,1,1,2,2,2,1,0,0,1,1,1,1,1,0,0,0,0,1
919,Blinkbonny Road,EH4 3HY,4,55.9525849,-3.2369297,27/01/2010,3,1,1,1,1,1,1,0,0,0,0,0,0,0,0,0,0,0,0
920,The Green,EH4 5AF,14,55.9663392,-3.2708799,24/06/2010,3,1,1,1,4,3,1,0,0,0,1,0,0,1,0,0,0,0,0
921,Sleigh Drive,EH7 6ER,1,55.962176,-3.1528416,10/10/2008,3,2,1,1,2,2,1,0,0,1,0,1,0,1,0,0,0,1,0
922,Belgrave Place,EH4 3AN,4,55.9541508,-3.2196724,28/04/2008,3,1,1,1,2,2,1,0,0,1,0,1,0,1,0,0,0,0,0
923,Montgomery Place West,EH7 5EZ,12,55.9598465,-3.1785899,14/12/2008,2,2,1,2,2,2,2,1,0,1,0,1,1,1,0,0,0,1,1
924,Baronscourt Terrace,EH8 7EP,1,55.9536292,-3.1441146,07/04/2008,3,1,1,1,2,2,1,0,0,0,0,0,0,0,0,1,0,0,0
925,South Learmonth Avenue,EH4 1PE,4,55.9556055,-3.22054,20/10/2009,2,1,1,1,2,2,1,0,0,0,0,0,0,0,0,0,0,0,0
926,Craigleith Crescent,EH4 3JR,15,55.9537252,-3.2435552,27/01/2010,3,1,1,1,1,2,1,0,0,1,0,0,0,1,0,0,0,0,0
927,Saughtonhall Circus,EH12 5RE,15,55.9429672,-3.2496312,23/06/2009,3,1,1,1,2,1,1,0,0,0,0,0,0,0,0,0,0,0,0
928,East Camus Place,EH10 6QZ,5,55.9049345,-3.2119219,10/06/2010,3,1,1,1,1,1,1,0,0,1,0,0,0,1,0,0,0,0,0
929,Stark'S Cottages,EH13 9EF,5,55.9109201,-3.2306332,09/09/2009,3,1,1,1,2,1,1,0,0,0,0,0,0,0,0,0,0,0,0
930,Dreghorn Link,EH13 9QR,5,55.9012529,-3.2320782,28/04/2009,3,1,1,1,2,3,1,0,0,1,1,0,0,1,0,0,0,0,0
