07/04/2008,261,1,1,1,2,1,1,0,0,0,1,1,0,1,0,0,0,0,0
07/04/2008,1258,1,1,1,2,2,1,0,0,1,1,1,0,1,0,0,0,0,0
07/04/2008,547,1,1,1,1,1,1,0,0,0,0,0,0,0,0,0,0,0,0
07/04/2008,67,1,1,1,3,2,1,0,0,1,0,0,0,1,0,0,0,0,0
07/04/2008,393,1,1,1,2,1,1,3,0,0,0,0,0,0,0,0,0,0,0
07/04/2008,71,1,1,1,2,1,1,0,0,0,1,0,0,1,0,0,0,0,0
07/04/2008,1028,2,1,1,2,2,1,0,0,1,0,0,0,1,0,0,0,1,0
07/04/2008,1042,1,1,1,2,1,1,0,0,1,1,0,0,1,0,0,0,0,0
07/04/2008,1033,1,1,1,1,1,1,0,0,0,0,0,0,0,0,0,0,0,0
07/04/2008,1074,1,1,1,3,2,1,1,0,1,1,0,0,1,0,0,0,0,0
07/04/2008,1249,1,1,1,1,1,1,0,0,0,0,0,0,0,0,0,0,0,0
07/04/2008,924,1,1,1,2,2,1,0,0,0,0,0,0,0,0,1,0,0,0
07/04/2008,1237,2,1,1,2,2,1,0,0,1,0,0,0,1,0,0,0,1,0
28/04/2008,63,1,1,1,2,2,1,0,0,1,1,0,1,1,0,1,0,0,0
28/04/2008,922,1,1,1,2,2,1,0,0,1,0,1,0,1,0,0,0,0,0
28/04/2008,785,1,1,1,2,2,1,0,0,1,0,0,1,1,0,0,1,0,0
28/04/2008,1134,1,1,1,2,2,1,0,0,1,0,1,1,1,0,1,0,0,0
28/04/2008,574,1,1,1,2,2,1,0,0,0,0,0,0,0,0,0,0,0,0
28/04/2008,639,2,1,1,2,2,1,0,0,1,1,0,1,1,0,1,0,1,0
28/04/2008,1173,1,1,1,2,2,1,0,0,1,0,1,0,1,0,0,0,0,0
28/04/2008,23,1,1,1,2,2,1,0,0,1,1,1,0,1,0,0,0,0,0
28/04/2008,418,2,2,1,2,2,1,0,0,1,1,0,1,1,0,0,0,1,0
28/04/2008,1157,1,1,1,2,2,1,0,0,1,1,1,0,1,0,1,0,0,0
28/04/2008,67,1,1,1,2,2,1,0,0,1,0,1,0,1,0,0,0,0,0
28/04/2008,1258,1,1,1,2,2,1,0,0,1,0,1,0,1,0,0,0,0,0
28/04/2008,60,2,2,1,2,2,1,0,0,1,1,1,1,1,1,1,0,1,0
28/04/2008,1237,1,1,1,2,2,1,0,0,1,0,1,0,1,0,0,0,0,0
29/04/2008,433,1,1,1,2,2,1,0,0,0,1,1,0,1,0,0,0,0,0
29/04/2008,207,2,1,1,2,2,1,0,0,1,0,1,0,1,0,0,0,1,0
29/04/2008,215,2,2,1,2,2,1,1,0,1,1,1,0,1,0,0,0,1,0
29/04/2008,215,2,1,1,2,2,1,1,0,1,0,0,1,1,0,0,0,1,0
29/04/2008,211,1,1,1,1,1,1,0,0,0,0,0,0,0,0,0,0,0,0
29/04/2008,211,1,1,1,1,1,1,0,0,0,0,0,0,0,0,0,0,0,0
29/04/2008,168,1,1,1,1,1,1,0,0,0,0,0,0,0,0,0,0,0,0
29/04/2008,852,1,1,1,1,1,1,0,0,0,0,0,0,0,0,0,0,0,0
29/04/2008,239,1,1,1,2,2,1,0,0,1,0,1,0,1,0,0,0,0,0
29/04/2008,1119,1,1,1,2,2,1,0,0,1,0,1,0,1,0,0,0,0,0
29/04/2008,300,1,1,1,2,2,1,0,0,1,0,0,1,1,0,0,0,0,0
28/04/2008,1300,1,1,1,1,1,1,0,0,1,0,0,0,1,0,0,0,0,1
28/04/2008,50,1,1,1,1,1,1,0,0,1,0,1,0,1,0,0,0,0,0
28/04/2008,1030,1,1,1,1,1,1,0,0,0,0,0,0,0,0,0,0,0,0
28/04/2008,367,1,1,1,3,1,1,0,0,1,1,0,0,1,0,0,0,0,0
28/04/2008,766,1,1,1,2,1,1,0,0,0,0,0,0,0,0,0,0,0,0
28/04/2008,406,1,1,1,2,1,1,0,0,0,0,0,0,0,0,0,0,0,0
28/04/2008,1138,1,1,1,2,1,1,0,0,1,1,0,0,1,0,0,0,0,1
28/04/2008,345,1,1,1,2,1,1,0,0,0,0,1,0,1,0,0,0,0,0
28/04/2008,786,1,1,1,2,1,1,0,0,1,0,1,0,1,0,0,0,0,0
28/04/2008,118,1,1,1,1,1,1,0,0,0,0,1,0,1,0,0,0,0,0
28/04/2008,472,1,1,1,1,2,1,0,0,0,0,0,0,0,0,0,0,0,0
28/04/2008,246,1,1,1,1,1,1,0,0,0,1,1,0,1,0,0,0,0,0
28/04/2008,841,1,1,1,1,1,1,0,0,0,0,0,0,1,0,0,0,0,0
01/05/2008,352,1,1,1,1,2,1,0,0,0,0,0,0,0,0,0,0,0,0
01/05/2008,433,1,1,1,2,2,1,0,0,0,0,0,0,0,0,0,0,0,0
01/05/2008,841,1,1,1,1,1,1,0,0,0,0,0,0,0,0,0,0,0,0
01/05/2008,356,1,1,1,2,2,1,0,0,1,0,1,1,1,0,0,0,0,0
01/05/2008,196,1,1,1,3,2,1,0,0,1,0,0,0,1,0,0,0,0,0
12/05/2008,28,1,1,1,1,1,1,2,0,0,0,0,0,0,0,0,0,0,0
12/05/2008,137,1,1,1,1,1,1,1,0,1,0,0,0,1,0,0,0,0,0
12/05/2008,712,1,1,1,1,1,1,2,0,1,0,0,0,1,0,0,0,0,0
12/05/2008,505,1,1,1,1,1,1,2,0,1,0,0,0,1,0,0,0,0,0
22/04/2008,657,1,1,1,1,2,1,0,0,0,0,0,0,0,0,0,0,0,0
22/04/2008,1103,1,1,1,2,2,1,0,0,1,0,1,0,1,0,0,0,0,0
22/04/2008,408,1,1,1,1,2,1,0,0,1,1,0,0,1,0,0,0,0,0
22/04/2008,253,1,1,1,1,1,1,0,0,1,0,1,0,1,0,0,0,0,0
17/06/2008,808,1,1,1,3,2,1,0,0,1,0,1,0,1,0,0,0,0,0
17/06/2008,1273,1,1,1,3,3,1,0,0,0,0,0,0,0,0,0,0,0,0
17/06/2008,1035,1,1,1,3,2,1,0,0,1,1,0,0,1,0,0,0,0,0
17/06/2008,1183,1,1,1,2,2,1,0,0,0,0,0,0,0,0,0,0,0,0
17/06/2008,139,1,1,1,3,2,1,0,0,1,1,0,0,1,0,0,0,0,1
17/06/2008,1110,1,1,1,3,2,1,0,0,0,0,0,0,0,0,0,0,0,0
17/06/2008,363,1,1,1,3,2,1,0,0,1,1,0,0,1,0,0,0,0,0
17/06/2008,552,1,1,1,3,2,1,0,0,0,0,0,0,1,0,0,0,0,0
17/06/2008,1328,1,1,1,4,3,1,0,0,0,0,0,0,0,0,0,0,0,0
17/06/2008,383,1,1,1,4,3,1,0,0,1,0,1,0,1,0,0,0,0,0
09/06/2008,383,3,1,1,4,3,1,0,0,1,1,1,1,1,1,1,0,1,1
09/06/2008,1098,1,1,1,4,2,1,0,0,1,1,0,0,1,1,0,1,0,1
09/06/2008,1098,1,1,1,4,2,1,0,0,1,1,0,0,1,1,0,1,0,1
09/06/2008,1098,1,1,1,4,2,1,0,0,1,1,0,0,1,1,0,0,0,1
09/06/2008,1098,1,1,1,4,2,1,0,0,1,1,0,0,1,1,0,0,0,1
09/06/2008,585,1,1,1,3,2,1,0,0,1,1,0,0,1,1,0,0,0,1
09/06/2008,690,1,1,1,4,2,1,0,0,1,0,1,0,1,0,0,0,0,0
09/06/2008,690,1,1,1,4,2,1,0,0,1,0,1,0,1,0,0,0,0,1
09/06/2008,519,2,1,1,3,2,1,0,0,1,0,0,1,1,0,0,0,1,1
09/06/2008,19,2,1,1,4,2,1,0,0,1,0,1,0,1,0,0,0,1,1
09/06/2008,9,1,1,1,4,2,1,0,0,1,0,1,0,1,0,0,0,0,1
18/06/2008,763,1,1,1,3,2,1,0,0,1,0,0,0,1,0,0,0,0,1
24/06/2008,306,1,1,1,2,1,1,0,0,1,0,0,0,1,0,0,0,0,0
24/06/2008,1168,1,1,1,1,2,1,0,0,1,1,1,0,1,1,0,0,0,1
24/06/2008,1076,1,1,1,1,1,1,0,0,1,0,0,0,1,0,0,0,0,0
24/06/2008,602,1,1,1,1,1,1,0,0,0,1,1,0,1,0,0,0,0,0
24/06/2008,1006,1,1,1,1,1,1,0,0,1,1,0,0,1,0,0,0,0,0
24/06/2008,1303,1,1,1,1,1,1,0,0,1,1,0,0,1,0,0,0,0,0
24/06/2008,630,1,1,1,1,1,1,0,0,1,0,0,0,1,0,0,0,0,0
24/06/2008,851,1,1,1,2,2,1,0,0,1,0,0,0,1,0,0,0,0,0
24/06/2008,665,3,1,1,3,2,1,0,0,0,0,1,0,1,0,0,0,1,0
24/06/2008,147,1,1,1,2,1,1,0,0,0,0,1,0,1,0,0,0,1,0
24/06/2008,205,1,1,1,2,1,1,0,0,0,1,0,1,1,0,0,0,0,0
24/06/2008,158,1,1,1,2,1,1,0,0,0,1,0,0,1,0,0,0,0,0
24/06/2008,999,1,1,1,3,2,1,0,0,0,1,1,1,1,1,0,0,0,0
24/06/2008,1296,1,1,1,1,1,1,0,0,1,0,0,0,1,0,0,0,0,0
24/06/2008,256,1,1,1,1,1,1,0,0,1,0,1,0,1,0,0,0,0,0
24/06/2008,328,1,1,1,1,2,1,0,0,1,1,0,0,1,0,0,0,0,0
24/06/2008,729,1,1,1,2,2,1,0,0,0,0,1,0,1,0,0,0,0,0
24/06/2008,405,1,1,1,2,2,1,0,0,0,0,1,0,1,0,0,0,0,0
24/06/2008,61,1,1,1,2,1,1,0,0,0,0,0,0,0,0,0,0,0,0
24/06/2008,613,1,1,1,1,1,1,0,0,0,1,1,0,1,0,0,0,0,0
24/06/2008,372,1,1,1,3,1,1,0,0,1,0,0,0,1,0,0,0,0,0
24/06/2008,969,1,1,1,3,1,1,0,0,0,1,0,0,1,0,0,0,0,0
24/06/2008,134,1,1,1,1,1,1,0,0,0,0,0,0,0,0,0,0,0,0
24/06/2008,813,1,1,1,2,1,1,0,0,1,0,1,1,1,0,0,0,0,0
24/06/2008,1341,1,1,1,3,1,1,0,0,1,0,1,0,1,0,0,0,0,0
24/06/2008,907,1,1,1,2,1,1,0,0,1,0,1,0,1,0,0,0,0,0
24/06/2008,642,1,1,1,2,2,1,0,0,1,0,1,0,1,0,0,0,0,0
11/06/2008,1183,1,1,1,2,2,1,0,0,0,0,0,0,0,0,0,0,0,0
11/06/2008,465,1,1,1,2,2,1,0,0,1,0,0,0,0,0,0,0,0,1
11/06/2008,1282,1,1,1,3,2,1,0,0,1,0,1,1,1,0,0,0,0,0
11/06/2008,895,1,1,1,1,2,1,0,0,0,0,0,0,0,0,0,0,0,0
11/06/2008,1001,1,1,1,1,1,1,0,0,0,0,0,0,0,0,0,0,0,0
11/06/2008,1325,1,1,1,3,2,1,0,0,1,1,1,0,1,0,0,0,0,0
11/06/2008,818,1,1,1,4,3,1,0,0,1,1,1,1,1,1,1,0,1,0
11/06/2008,531,1,1,1,3,2,1,0,0,1,0,0,0,1,0,0,0,0,0
11/06/2008,1202,2,1,1,1,2,1,0,0,1,0,0,0,1,0,0,0,1,0
11/06/2008,1357,2,1,1,3,2,1,0,0,1,1,1,1,1,0,1,0,1,0
11/06/2008,806,1,1,1,3,2,1,0,0,1,0,1,0,1,0,0,0,0,0
11/06/2008,554,2,3,2,3,3,1,0,0,1,1,1,1,1,0,1,1,1,1
11/06/2008,737,2,1,1,3,1,1,0,0,1,0,1,0,1,0,0,0,1,0
19/08/2008,890,1,1,1,2,2,1,0,0,1,0,1,0,1,0,0,0,0,0
19/08/2008,1174,1,1,1,2,2,1,0,0,0,0,0,0,0,0,0,0,0,0
19/08/2008,581,1,1,1,2,2,1,0,0,1,1,1,0,1,0,0,1,0,0
19/08/2008,325,1,1,1,2,2,1,0,0,1,0,1,0,1,0,0,0,0,0
19/08/2008,752,1,1,1,2,1,1,0,0,0,0,0,0,0,0,0,0,0,0
19/08/2008,617,1,1,1,2,2,1,0,0,1,0,1,0,1,0,0,0,0,0
19/08/2008,320,1,1,1,1,1,1,0,0,1,1,0,0,1,0,0,0,0,0
19/08/2008,756,2,1,1,2,2,1,0,0,1,1,0,0,1,0,0,0,1,0
19/08/2008,1011,1,1,1,1,1,1,0,0,1,0,1,0,1,0,0,0,0,0
19/08/2008,490,2,1,1,2,2,1,0,0,1,1,1,0,1,0,0,0,1,0
19/08/2008,1056,1,1,1,2,2,1,0,0,1,1,0,0,1,0,0,0,0,1
19/08/2008,513,1,1,1,1,1,1,1,0,1,1,0,0,1,0,0,0,0,0
14/10/2008,434,2,1,1,2,2,1,0,0,1,0,0,1,1,0,0,0,1,0
14/10/2008,1081,1,1,1,2,2,1,0,0,1,1,1,0,1,0,0,0,0,0
14/10/2008,903,1,1,3,3,2,1,0,0,1,1,1,1,1,0,0,0,0,0
14/10/2008,345,1,1,1,2,2,1,0,0,1,1,1,0,1,0,0,0,0,0
14/10/2008,774,1,1,1,2,2,1,0,0,0,0,1,0,1,0,0,0,0,0
14/10/2008,441,1,1,1,2,2,1,0,0,0,0,1,0,1,0,0,0,0,1
14/10/2008,1038,1,2,1,2,2,1,0,0,1,1,1,0,1,0,0,0,0,0
14/10/2008,576,1,1,1,2,2,1,0,0,1,1,1,1,1,0,0,0,0,0
14/10/2008,420,1,1,1,2,2,1,0,0,0,1,1,0,1,0,0,0,0,0
14/10/2008,871,1,1,1,2,2,1,0,0,0,1,0,0,1,0,0,0,0,0
14/10/2008,193,1,1,1,1,1,1,0,0,0,0,0,0,0,0,0,0,0,0
15/10/2008,938,1,1,1,2,2,1,0,0,1,1,0,0,1,0,0,0,0,0
15/10/2008,46,1,1,1,1,2,1,0,0,1,1,0,1,1,0,0,0,0,0
15/10/2008,432,1,1,1,3,2,1,0,0,1,0,1,0,1,0,0,0,0,0
15/10/2008,1060,1,1,1,2,1,1,0,0,1,0,1,0,1,0,0,0,0,0
15/10/2008,27,1,1,1,1,1,1,0,0,1,1,1,1,1,1,1,0,0,0
14/10/2008,48,1,1,1,2,2,1,0,0,0,0,0,0,0,0,0,0,0,0
14/10/2008,1189,1,1,1,1,2,1,0,0,1,1,0,0,1,0,0,0,0,0
14/10/2008,714,1,1,1,2,2,1,0,0,1,0,0,0,1,0,0,0,0,0
14/10/2008,20,1,1,1,2,2,1,0,0,0,1,1,0,1,0,0,0,0,0
21/10/2008,124,1,1,1,1,1,1,0,0,1,0,0,0,1,0,0,0,0,0
21/10/2008,625,1,1,1,2,1,1,0,0,0,0,1,0,1,0,0,0,0,0
21/10/2008,15,1,1,1,1,1,1,0,0,1,0,0,0,1,0,0,0,0,0
21/10/2008,312,2,1,1,2,1,1,0,0,1,0,0,0,1,0,0,0,1,0
21/10/2008,992,1,1,1,2,1,1,0,0,0,0,0,0,0,0,0,0,0,0
21/10/2008,703,1,1,1,1,1,1,0,0,0,0,0,0,0,0,0,0,0,0
21/10/2008,1252,1,1,1,3,1,1,0,0,1,1,0,0,1,0,0,0,0,0
21/10/2008,1195,1,1,1,2,1,1,0,0,1,0,0,0,1,0,0,0,0,0
21/10/2008,1292,2,1,1,1,2,1,0,0,0,1,0,0,1,0,0,0,1,0
21/10/2008,535,1,1,1,1,1,1,0,0,0,1,0,0,1,0,0,0,0,0
21/10/2008,1284,1,1,1,1,1,1,0,0,0,1,0,0,1,0,0,0,0,0
21/10/2008,740,1,1,1,2,1,1,0,0,1,0,0,0,1,0,0,0,0,0
21/10/2008,676,1,1,1,2,1,1,0,0,0,0,0,0,0,0,0,0,0,0
21/10/2008,85,1,1,1,1,1,1,0,0,0,0,1,0,1,0,0,0,0,0
21/10/2008,127,1,1,1,1,1,1,0,0,1,0,0,0,1,0,0,0,0,0
21/10/2008,970,1,1,1,2,1,1,0,0,0,1,0,0,1,0,0,0,0,0
09/10/2008,1327,1,1,1,2,2,1,0,0,1,1,1,0,1,0,0,0,0,0
09/10/2008,167,1,1,1,3,2,1,0,0,1,0,1,0,1,0,0,1,0,0
09/10/2008,677,2,1,1,2,1,1,0,0,0,0,1,0,1,0,0,0,1,0
09/10/2008,1112,1,1,1,2,1,1,0,0,0,0,0,0,0,0,0,0,0,0
09/10/2008,626,1,1,1,1,2,1,0,0,0,0,0,0,0,0,0,0,0,0
09/10/2008,934,1,1,1,1,1,1,0,0,0,0,0,0,0,0,0,0,0,0
09/10/2008,1092,1,1,1,2,1,1,0,0,0,0,1,0,1,0,0,0,0,0
09/10/2008,583,1,1,1,2,1,1,0,0,1,0,1,0,1,0,0,0,0,0
09/10/2008,126,1,1,1,2,2,1,0,0,0,1,1,0,1,0,0,0,0,0
09/10/2008,1334,1,1,1,2,2,1,0,0,0,0,0,0,0,0,0,0,0,0
09/10/2008,247,1,1,1,1,1,1,0,0,0,0,0,0,0,0,0,0,0,0
09/10/2008,1136,1,1,1,2,2,1,0,0,0,1,0,0,1,0,0,0,0,0
09/10/2008,991,2,1,1,1,2,1,0,0,1,0,1,0,1,0,0,0,1,0
09/10/2008,156,1,1,1,2,2,1,2,0,1,0,0,0,1,0,0,0,0,0
09/10/2008,26,1,1,1,1,1,1,0,0,0,1,0,0,1,0,0,0,0,0
10/10/2008,1017,1,1,1,2,2,1,0,0,0,0,0,0,0,0,0,0,0,0
10/10/2008,921,2,1,1,2,2,1,0,0,1,0,1,0,1,0,0,0,1,0
31/10/2008,1318,1,1,1,2,2,1,0,0,1,0,0,0,1,0,0,0,0,0
31/10/2008,496,1,1,2,2,2,1,0,0,1,1,1,0,1,0,0,0,0,0
31/10/2008,289,1,1,1,1,1,1,0,0,1,0,0,0,1,0,0,0,0,0
31/10/2008,188,1,1,1,1,1,1,1,0,0,0,0,0,0,0,0,0,0,0
22/10/2008,1345,1,1,2,2,2,1,0,0,1,0,1,0,1,0,0,0,0,0
22/10/2008,649,1,1,1,2,2,1,0,0,1,0,0,0,1,0,0,0,0,0
22/10/2008,355,1,1,1,2,2,1,0,0,0,1,0,0,1,0,0,0,0,0
22/10/2008,355,1,1,1,2,2,1,0,0,1,1,0,0,1,0,0,0,0,0
22/10/2008,559,1,1,1,1,2,1,0,0,1,1,0,0,1,1,0,0,0,0
22/10/2008,704,1,1,1,2,2,1,0,0,1,1,0,0,1,0,0,0,0,0
22/10/2008,1192,1,1,1,2,2,1,0,0,1,1,0,0,1,0,0,0,0,0
22/10/2008,599,1,1,1,1,1,1,0,0,0,0,0,0,0,0,0,0,0,0
22/10/2008,716,1,1,1,1,1,1,0,0,0,0,0,0,0,0,0,0,0,0
22/10/2008,767,1,1,1,1,1,1,0,0,0,0,0,0,0,0,0,0,0,0
22/10/2008,481,2,2,1,2,2,1,0,0,1,1,1,1,1,0,0,0,1,0
22/10/2008,1155,1,2,1,2,2,1,0,0,0,1,0,0,1,0,0,0,0,0
22/10/2008,694,1,2,1,2,2,1,0,0,1,1,1,0,1,0,0,0,0,0
22/10/2008,694,2,2,1,2,2,1,2,0,1,1,0,1,1,1,0,0,1,0
22/10/2008,727,1,1,1,2,2,1,0,0,1,0,1,0,1,1,0,1,0,0
22/10/2008,490,2,2,1,2,2,1,0,0,1,1,0,0,1,0,0,0,1,0
22/10/2008,319,1,1,1,1,1,1,0,0,1,0,0,0,1,0,0,0,0,0
22/10/2008,404,2,2,1,2,2,1,0,0,1,1,1,0,1,0,0,0,1,0
22/10/2008,809,2,2,1,2,2,1,0,0,1,1,0,0,1,0,0,0,1,0
22/10/2008,1090,1,2,1,2,2,1,0,0,1,1,1,0,1,0,1,0,0,0
09/12/2008,1077,1,1,1,2,2,1,0,0,0,1,0,0,1,0,0,0,0,0
09/12/2008,985,1,1,1,2,2,1,0,0,0,0,1,0,1,0,0,0,0,0
09/12/2008,344,1,1,1,2,2,1,0,0,1,0,1,0,1,0,0,0,0,0
09/12/2008,790,1,1,1,2,2,1,0,0,1,1,1,0,1,0,0,0,0,0
09/12/2008,1132,1,1,1,1,2,1,0,0,0,0,0,0,0,0,0,0,0,0
09/12/2008,18,1,1,1,2,3,1,0,0,0,0,1,0,1,0,0,0,0,0
09/12/2008,242,1,1,1,2,3,1,0,0,0,1,0,0,1,1,0,0,0,0
09/12/2008,13,1,1,1,1,2,1,0,0,0,1,0,0,1,0,0,0,0,0
09/12/2008,196,1,1,1,2,2,1,0,0,0,1,1,0,1,0,0,0,0,0
09/12/2008,43,1,1,1,2,2,1,0,0,1,0,1,0,1,0,0,0,0,0
09/12/2008,1220,1,1,1,1,1,1,0,0,0,0,0,0,0,0,0,0,0,0
14/12/2008,628,2,1,1,2,3,1,3,0,1,1,1,1,1,0,0,0,1,1
14/12/2008,413,1,1,1,2,2,1,3,0,1,1,1,1,1,1,0,1,0,1
14/12/2008,847,2,1,1,2,2,1,2,0,1,1,1,1,1,0,0,0,1,0
14/12/2008,733,1,1,1,2,2,1,1,0,1,0,1,0,1,0,0,0,0,1
14/12/2008,1199,1,1,1,2,2,1,1,0,1,0,1,0,1,0,0,0,0,0
14/12/2008,390,1,1,2,2,2,1,1,0,1,0,0,1,1,1,0,1,0,1
14/12/2008,923,2,1,2,2,2,2,1,0,1,0,1,1,1,0,0,0,1,1
14/12/2008,77,1,1,1,2,2,1,1,0,1,0,0,0,0,0,0,0,0,1
14/12/2008,986,1,1,1,4,4,1,4,0,1,1,1,1,1,1,1,1,0,1
14/12/2008,1021,1,1,1,2,2,1,2,0,1,0,1,0,1,0,0,0,0,0
14/12/2008,736,1,1,1,2,2,1,2,0,0,1,1,0,1,0,0,0,0,0
14/12/2008,1363,1,1,1,1,1,1,0,0,0,0,0,0,0,0,0,0,0,0
14/12/2008,1046,1,1,1,1,2,1,1,0,0,0,1,0,0,1,0,0,0,0
14/12/2008,270,2,2,2,3,2,1,3,0,1,1,1,1,1,0,1,0,1,1
16/12/2008,386,1,1,1,1,1,1,0,0,0,0,0,0,0,0,0,0,0,0
16/12/2008,1213,1,1,1,1,1,1,0,0,1,0,0,0,1,0,0,0,0,0
16/12/2008,1256,1,1,1,1,2,1,0,0,0,1,1,0,1,0,0,1,0,0
16/12/2008,148,1,1,1,1,2,1,0,0,1,1,1,1,1,0,0,0,0,0
16/12/2008,431,1,1,1,1,2,1,2,0,1,0,1,0,1,0,0,0,0,0
16/12/2008,1048,1,1,1,1,1,1,0,0,0,0,0,0,0,0,0,0,0,0
16/12/2008,1265,1,1,1,1,3,1,0,0,0,1,1,0,1,0,0,0,0,0
16/12/2008,311,1,1,1,1,1,1,0,0,0,0,0,0,0,0,0,0,0,0
16/12/2008,167,2,1,1,1,1,1,0,0,0,1,1,0,1,0,0,0,1,0
16/12/2008,982,1,1,1,2,2,1,0,0,0,0,1,0,1,0,0,0,0,0
16/12/2008,810,1,1,1,1,1,1,0,0,0,0,0,0,0,0,0,0,0,0
16/12/2008,680,1,1,1,1,2,1,1,0,0,0,1,0,1,0,0,0,0,0
16/12/2008,1120,1,1,1,1,2,1,0,0,1,0,0,0,1,0,0,0,0,0
16/12/2008,173,1,1,1,1,1,1,0,0,0,0,0,0,0,0,0,0,0,0
16/12/2008,607,1,1,1,1,1,1,0,0,0,1,0,1,1,0,0,0,0,0
16/12/2008,605,1,1,1,1,2,1,0,0,1,0,0,0,1,0,0,0,0,0
16/12/2008,1137,1,1,1,1,2,1,0,0,1,0,1,0,1,0,0,0,0,0
16/12/2008,46,1,1,1,2,2,1,0,0,0,1,1,0,1,0,0,1,0,0
16/12/2008,108,1,1,1,2,2,1,0,0,1,0,1,0,1,0,0,0,0,0
16/12/2008,296,1,1,1,2,2,1,0,0,0,1,0,1,1,0,0,0,0,0
16/12/2008,787,1,1,1,1,2,1,0,0,1,0,0,0,1,0,0,0,0,0
16/12/2008,379,1,1,1,1,1,1,0,0,0,0,0,0,0,0,0,0,0,0
16/12/2008,856,2,1,1,1,2,1,0,0,1,0,1,0,1,0,0,0,1,0
16/12/2008,415,1,1,1,1,1,1,0,0,0,0,0,0,0,0,0,0,0,0
16/12/2008,607,1,1,1,1,2,1,0,0,0,0,0,0,0,0,0,0,0,0
16/12/2008,652,2,1,1,1,2,1,0,0,1,0,1,0,1,0,0,0,1,0
16/12/2008,670,1,1,1,1,1,1,0,0,0,0,0,0,0,0,0,0,0,0
16/12/2008,876,2,1,1,1,1,1,0,0,0,0,1,0,1,0,0,0,1,0
16/12/2008,305,2,1,1,1,1,1,0,0,0,0,0,0,0,0,0,0,1,0
16/12/2008,638,1,1,1,1,2,1,1,0,0,0,0,0,1,0,0,0,0,0
16/12/2008,947,2,1,1,1,1,1,0,0,0,0,0,0,0,0,0,0,1,0
05/12/2008,476,1,1,2,2,2,1,0,0,1,0,1,0,1,0,0,0,0,0
05/12/2008,967,1,1,1,1,1,1,2,1,1,0,1,0,1,1,0,0,0,0
05/12/2008,959,1,1,1,1,2,1,0,0,1,0,1,0,1,0,0,0,0,0
05/12/2008,1076,1,1,3,1,2,1,0,0,1,1,1,1,1,0,0,0,0,0
05/12/2008,88,1,1,1,1,2,1,1,0,1,0,1,0,1,0,0,0,0,0
09/01/2009,81,1,1,1,2,2,1,0,0,0,0,1,0,1,0,0,0,0,0
09/01/2009,1000,1,1,1,1,1,1,0,0,1,0,0,0,1,0,0,0,0,0
27/01/2009,56,1,1,1,1,1,1,0,0,0,0,1,0,1,0,0,0,0,0
27/01/2009,820,2,1,1,1,2,1,0,0,0,0,0,0,0,0,0,0,1,0
27/01/2009,645,2,1,1,1,2,1,0,0,1,0,0,0,1,0,0,0,1,0
27/01/2009,932,1,1,1,1,1,1,0,0,1,0,1,0,1,0,0,0,0,0
27/01/2009,549,2,1,1,1,2,1,0,0,1,0,1,0,1,0,0,0,1,0
27/01/2009,909,1,1,1,1,1,1,0,0,0,0,0,0,0,0,0,0,0,0
27/01/2009,884,1,1,1,2,1,1,0,0,0,0,1,0,1,0,0,0,0,0
27/01/2009,1148,1,1,1,1,1,1,0,0,1,0,0,0,1,0,0,0,0,0
27/01/2009,987,2,1,1,1,1,1,0,0,1,0,1,0,1,0,0,0,1,0
27/01/2009,142,1,1,1,1,2,1,0,0,1,0,0,1,1,0,0,0,0,0
27/01/2009,515,1,1,1,2,1,1,1,0,1,0,0,0,1,0,0,0,0,0
27/01/2009,328,1,1,1,1,1,1,0,0,0,1,0,0,1,0,0,0,0,0
25/02/2009,1015,2,1,1,2,2,1,0,0,1,0,0,0,1,0,0,0,1,0
25/02/2009,37,2,1,1,2,2,1,0,0,0,0,1,0,1,0,0,0,1,0
25/02/2009,836,1,1,1,2,1,1,0,0,0,0,0,0,0,0,0,0,0,0
25/02/2009,1073,1,1,1,1,2,1,0,0,1,1,1,0,1,0,0,0,0,0
25/02/2009,1210,2,1,1,1,2,1,0,0,1,0,0,0,1,0,0,0,1,0
25/02/2009,324,1,1,1,1,1,1,0,0,0,0,0,0,0,0,0,0,0,0
25/02/2009,575,1,1,1,2,2,1,0,0,1,1,1,0,1,0,0,0,0,0
25/02/2009,1233,1,1,1,1,2,1,0,0,0,0,0,0,0,0,0,0,0,0
25/02/2009,1233,1,1,1,1,2,1,0,0,0,0,0,0,0,0,0,0,0,0
25/02/2009,853,1,1,1,2,1,1,0,0,0,0,0,0,0,0,0,0,0,0
25/02/2009,449,3,1,1,2,1,1,0,0,1,0,0,0,1,0,0,0,1,0
25/02/2009,449,1,1,1,2,1,1,0,0,0,0,0,0,0,0,0,0,0,0
25/02/2009,1331,1,1,1,1,2,1,0,0,0,0,0,0,0,0,0,0,0,0
25/02/2009,363,1,1,1,1,2,1,0,0,1,1,1,0,1,0,0,0,0,0
25/02/2009,90,1,1,1,2,2,1,0,0,0,0,0,0,0,0,0,0,0,0
25/02/2009,883,1,1,1,1,2,1,0,0,1,1,1,0,1,0,0,0,0,0
25/02/2009,183,1,1,1,2,2,1,0,0,0,0,0,0,0,0,0,0,0,0
25/02/2009,351,1,1,1,1,2,1,0,0,1,0,1,0,1,0,0,0,0,0
25/02/2009,779,1,1,1,1,2,1,0,0,1,0,1,0,1,0,0,0,0,0
25/02/2009,283,1,1,1,1,2,1,0,0,0,0,0,0,0,0,0,0,0,0
25/02/2009,1218,1,1,1,1,1,1,0,0,0,0,0,0,0,0,0,0,0,0
25/02/2009,755,1,1,1,1,1,1,0,0,0,1,1,0,1,0,0,0,0,0
25/02/2009,755,1,1,1,1,1,1,0,0,0,1,1,0,1,0,0,0,0,0
25/02/2009,1024,1,1,1,1,3,1,0,0,1,0,0,0,1,0,0,1,0,0
25/02/2009,36,1,1,1,2,2,1,0,0,1,1,0,0,1,0,0,0,0,0
25/02/2009,103,1,1,1,2,1,1,0,0,0,0,0,0,0,0,0,0,0,0
25/02/2009,103,1,1,1,2,2,1,0,0,1,1,1,0,1,0,0,0,0,0
25/02/2009,103,1,1,1,2,1,1,0,0,1,1,0,0,1,0,0,0,0,0
25/02/2009,103,1,1,1,1,1,1,0,0,0,0,0,0,0,0,0,0,0,0
25/02/2009,110,1,1,1,1,1,1,0,0,0,0,0,0,0,0,0,0,0,0
25/02/2009,328,2,1,1,2,1,1,0,0,1,0,1,0,1,0,0,0,1,0
25/02/2009,328,1,1,1,1,1,1,0,0,0,0,0,0,0,0,0,0,0,0
25/02/2009,1309,1,1,1,2,2,1,0,0,1,1,0,0,1,0,0,0,0,0
25/02/2009,22,1,1,1,2,2,1,0,0,0,0,0,0,0,0,0,0,0,0
25/02/2009,1306,1,1,1,2,2,1,1,0,1,1,1,1,1,0,0,0,0,0
25/02/2009,579,2,1,1,2,2,1,0,0,0,0,1,0,1,0,0,0,1,0
25/02/2009,679,1,1,1,2,2,1,0,0,1,0,1,0,1,0,0,0,0,0
25/02/2009,1250,1,1,1,1,2,1,0,0,1,0,0,0,1,0,0,0,0,0
25/02/2009,1228,1,1,1,2,2,1,0,0,1,0,0,0,1,0,0,0,0,0
25/02/2009,114,2,1,2,1,1,1,2,1,1,1,1,0,1,0,0,0,1,0
25/02/2009,263,1,1,1,1,2,1,0,0,1,1,0,0,1,0,0,0,0,0
25/02/2009,246,1,1,1,2,2,1,0,0,0,0,1,0,1,1,0,0,0,0
25/02/2009,794,1,1,1,1,1,1,0,0,0,0,0,0,0,0,0,0,0,0
25/02/2009,993,1,1,1,1,2,1,0,0,1,1,1,0,1,0,0,0,0,0
25/02/2009,1028,1,1,1,2,3,1,0,0,1,0,1,0,1,0,0,0,0,0
25/02/2009,119,1,1,1,2,2,1,0,0,0,0,0,0,0,0,0,0,0,0
25/02/2009,131,1,1,1,2,2,1,0,0,0,0,0,0,0,0,0,0,0,0
25/02/2009,633,1,1,1,2,2,1,0,0,0,0,0,0,0,0,0,0,0,0
25/02/2009,332,1,1,1,2,2,1,0,0,1,1,1,0,1,0,0,0,0,0
25/02/2009,332,1,1,1,1,2,1,0,0,1,1,1,0,1,0,0,0,0,0
25/02/2009,494,1,1,1,1,2,1,0,0,1,0,1,0,1,0,0,0,0,0
25/02/2009,250,1,1,1,1,1,1,0,0,0,0,0,0,0,0,0,0,0,0
25/02/2009,521,1,1,1,1,2,1,0,0,1,0,0,0,1,0,0,0,0,0
25/02/2009,426,1,1,1,3,3,1,0,0,1,1,1,0,1,0,0,0,0,0
25/02/2009,322,1,1,1,1,2,1,0,0,0,0,0,0,0,0,0,0,0,0
25/02/2009,288,1,1,1,1,2,1,0,0,1,1,0,0,1,0,0,0,0,0
25/02/2009,12,1,1,1,2,2,1,0,0,0,0,0,0,0,0,0,0,0,0
25/02/2009,816,1,1,1,2,2,1,0,0,1,1,0,0,1,0,0,0,0,0
25/02/2009,240,1,1,1,2,2,1,0,0,1,1,1,1,1,0,0,0,0,0
25/02/2009,240,1,1,1,2,2,1,0,0,1,0,0,0,1,0,0,0,0,0
25/02/2009,240,1,1,1,2,1,1,0,0,1,0,0,0,1,0,0,0,0,0
25/02/2009,8,1,1,1,2,2,1,0,0,0,0,0,0,0,0,0,0,0,0
25/02/2009,8,1,1,1,2,2,1,0,0,0,1,1,0,1,0,0,0,0,0
25/02/2009,8,1,1,1,2,2,1,0,0,0,1,1,1,1,0,0,0,0,0
25/02/2009,656,1,1,1,1,2,1,0,0,0,0,0,0,0,0,0,0,0,0
25/02/2009,656,1,1,1,1,1,1,0,0,0,0,1,1,1,0,0,0,0,0
25/02/2009,656,1,1,1,1,1,1,0,0,0,0,0,0,0,0,0,0,0,0
25/02/2009,656,1,1,1,1,1,1,0,0,0,1,1,1,1,0,0,0,0,0
25/02/2009,881,1,1,1,2,2,1,0,0,1,0,1,0,1,0,0,0,0,0
25/02/2009,13,1,1,1,2,2,1,0,0,1,1,1,0,1,0,0,0,0,0
25/02/2009,13,1,1,1,2,3,1,0,0,1,0,1,0,1,0,0,0,0,0
25/02/2009,13,1,1,1,1,3,1,0,0,0,1,1,0,1,0,0,1,0,0
25/02/2009,13,1,1,1,2,2,1,0,0,0,0,0,0,0,0,0,0,0,0
25/02/2009,1360,1,1,1,1,3,1,0,0,0,1,1,0,1,0,0,0,0,0
25/02/2009,1360,1,1,1,1,3,1,0,0,0,1,1,0,1,0,0,0,0,0
25/02/2009,1209,1,1,1,2,1,1,1,0,1,0,0,0,1,0,0,0,0,0
25/02/2009,1209,1,1,2,2,2,1,1,0,1,1,0,0,1,0,0,0,0,0
25/02/2009,321,1,1,1,1,2,1,0,0,0,0,0,0,0,0,0,0,0,0
25/02/2009,177,1,1,1,2,2,1,0,0,1,0,1,0,1,0,0,0,0,0
25/02/2009,803,1,1,1,1,1,1,0,0,0,0,0,0,0,0,0,0,0,0
25/02/2009,946,1,1,1,1,2,1,0,0,1,1,1,0,1,0,0,0,0,0
25/02/2009,1039,1,1,1,1,1,1,0,0,1,0,1,0,1,0,0,0,0,0
25/02/2009,772,1,1,1,1,1,1,0,0,0,0,0,0,0,0,0,0,0,0
25/02/2009,698,1,1,1,2,2,1,0,0,1,0,1,0,1,0,1,0,0,0
25/02/2009,427,1,1,1,2,4,1,0,0,1,0,1,0,1,0,0,0,0,0
25/02/2009,1100,1,1,1,1,1,1,0,0,0,1,1,0,0,0,1,0,0,0
25/02/2009,826,1,1,1,1,1,1,0,0,0,1,1,0,1,0,0,0,0,0
25/02/2009,532,1,1,1,2,1,1,0,0,0,0,0,0,0,0,0,0,0,0
25/02/2009,807,1,1,1,2,2,1,0,0,1,0,0,0,1,0,0,0,0,0
25/02/2009,224,1,1,1,1,1,1,0,0,0,0,0,0,0,0,0,0,0,0
25/02/2009,224,2,1,1,1,3,1,0,0,1,0,0,0,1,0,0,0,1,0
25/02/2009,224,1,1,1,1,2,1,0,0,0,0,0,0,0,0,0,0,0,0
25/02/2009,224,1,1,1,1,2,1,1,0,0,0,0,0,0,0,0,0,0,0
25/02/2009,510,1,1,1,1,1,1,0,0,1,1,1,0,1,0,0,0,0,0
25/02/2009,159,1,1,1,1,1,1,0,0,1,0,0,0,1,0,0,0,0,0
25/02/2009,419,2,1,1,1,2,1,0,0,1,1,1,0,1,0,0,0,1,0
02/09/2008,965,1,1,1,1,1,1,0,0,0,0,0,0,0,1,0,0,0,0
02/09/2008,562,1,1,1,2,3,1,0,0,1,1,0,0,1,0,0,0,0,0
02/09/2008,936,1,1,1,2,3,1,0,0,1,1,0,0,1,0,0,0,0,0
02/09/2008,504,1,1,1,2,2,1,0,0,1,1,1,0,1,0,0,0,0,0
02/09/2008,1127,1,1,1,2,2,1,2,0,0,0,1,1,1,0,0,0,0,0
02/09/2008,1194,1,1,1,1,1,1,0,0,0,0,0,0,0,0,0,0,0,0
03/09/2008,95,1,1,1,2,2,1,0,0,1,1,1,1,1,0,1,0,0,0
03/09/2008,1197,1,1,1,1,2,1,0,0,0,1,0,1,1,0,0,0,0,0
03/09/2008,1315,1,1,1,1,3,1,0,0,1,1,1,1,1,0,0,0,0,0
03/09/2008,1070,1,1,1,1,2,1,0,0,0,0,0,0,0,0,0,0,0,0
03/09/2008,165,1,1,1,1,1,1,0,0,1,1,1,0,1,0,0,0,0,0
03/09/2008,284,1,1,1,1,2,1,0,0,0,0,1,0,1,0,0,0,0,0
04/09/2008,852,1,1,1,1,2,1,0,0,1,0,0,1,1,0,0,0,0,0
04/09/2008,162,1,1,1,2,2,1,0,0,1,1,0,1,1,0,0,0,0,0
04/09/2008,545,2,1,1,2,2,1,0,0,1,0,1,0,1,0,0,0,1,0
04/09/2008,400,1,1,1,1,2,1,0,0,0,0,1,0,1,1,0,0,0,0
05/09/2008,905,1,1,1,2,2,1,0,0,1,1,1,1,1,0,0,0,0,0
05/09/2008,995,1,1,1,3,3,1,0,0,1,1,1,0,1,0,0,0,0,0
05/09/2008,1041,1,1,1,1,2,1,0,0,0,0,0,0,1,0,0,0,0,0
05/09/2008,130,1,1,1,2,2,1,0,0,1,0,0,0,1,0,1,0,0,0
05/09/2008,1223,1,1,1,1,2,1,0,0,1,0,0,0,1,0,0,0,0,0
05/09/2008,858,1,1,1,2,2,1,0,0,1,0,1,0,1,0,0,0,0,0
08/09/2008,138,1,1,1,3,2,1,0,0,1,1,0,1,1,1,0,0,0,0
08/09/2008,865,1,1,1,3,2,1,0,0,1,0,1,0,1,0,0,0,0,0
09/09/2008,360,1,1,1,1,1,1,0,0,1,0,1,0,1,0,0,0,0,0
09/09/2008,13,1,1,1,2,2,1,0,0,1,0,1,0,1,0,0,0,0,0
09/09/2008,13,1,1,1,2,2,1,0,0,1,0,0,0,1,0,0,0,0,0
10/09/2008,179,1,1,1,1,1,1,0,0,0,0,0,0,0,0,0,0,0,0
10/09/2008,1348,1,1,1,2,1,1,0,0,1,0,0,0,1,0,0,0,0,0
10/09/2008,354,1,1,1,1,2,1,0,0,1,0,1,0,1,0,0,0,0,0
10/09/2008,1246,2,1,1,1,2,1,0,0,1,0,1,0,1,0,0,0,1,0
10/09/2008,949,1,1,1,3,2,1,0,0,1,1,1,1,1,0,0,0,0,0
10/09/2008,454,1,1,1,1,2,1,0,0,0,0,0,0,0,0,0,0,0,0
10/09/2008,439,1,1,1,1,1,1,0,0,0,0,1,0,1,0,0,0,0,0
11/09/2008,1205,1,1,1,2,2,1,0,0,1,1,1,1,1,0,0,0,0,0
11/09/2008,1241,1,1,1,2,2,1,0,0,0,1,1,0,1,0,0,0,0,0
11/09/2008,647,1,1,1,2,2,1,0,0,1,1,1,0,1,0,0,0,0,0
12/09/2008,784,1,1,1,1,2,1,0,0,0,1,0,0,1,0,0,0,0,0
12/09/2008,784,1,1,1,1,2,1,0,0,0,1,1,0,1,0,0,0,0,0
12/09/2008,262,2,1,1,1,2,1,0,0,1,0,1,0,1,0,0,0,1,0
12/09/2008,915,1,1,1,1,1,1,0,0,0,0,0,0,0,0,0,0,0,0
12/09/2008,1350,1,1,1,1,2,1,0,0,1,1,0,1,1,0,0,0,0,0
12/09/2008,902,1,1,1,1,2,1,0,0,1,0,1,0,1,0,0,0,0,0
12/09/2008,1320,1,1,1,2,2,1,0,0,1,0,0,0,1,0,0,0,0,0
12/09/2008,1043,1,1,1,2,2,1,0,0,1,0,0,1,1,0,0,0,0,0
13/09/2008,1047,1,1,1,2,2,1,0,0,1,0,0,0,1,0,0,0,0,0
16/09/2008,342,1,1,1,1,1,1,0,0,1,1,1,1,1,0,0,0,0,0
16/09/2008,1154,1,1,1,2,1,1,0,0,1,1,1,0,1,0,0,0,0,0
16/09/2008,1217,1,1,1,1,1,1,0,0,1,1,0,0,1,0,0,0,0,0
16/09/2008,789,1,1,1,2,2,1,0,0,1,0,0,0,1,0,0,0,0,0
16/09/2008,1179,1,1,1,1,1,1,0,0,1,1,0,0,1,0,0,0,0,0
16/09/2008,25,2,1,1,3,2,1,0,0,1,1,0,0,1,0,0,0,1,0
16/09/2008,298,1,1,1,2,2,1,0,0,1,1,0,0,1,0,0,0,0,0
16/09/2008,1104,2,1,1,2,2,1,0,0,1,0,0,0,1,0,0,0,1,0
16/09/2008,606,1,1,2,1,2,1,0,0,1,1,0,0,1,0,0,0,0,0
16/09/2008,1106,1,1,1,2,2,1,0,0,1,0,0,0,1,0,0,0,0,0
16/09/2008,10,1,1,1,2,2,1,0,0,1,1,1,0,1,0,0,0,0,0
16/09/2008,854,1,1,1,2,2,1,0,0,1,1,0,0,1,0,0,0,0,0
17/09/2008,51,1,1,2,1,2,1,0,0,1,1,1,1,1,0,0,0,0,0
17/09/2008,534,1,1,2,3,2,1,0,0,1,1,1,1,1,0,1,0,0,0
17/09/2008,1131,1,1,1,1,1,1,0,0,1,0,0,0,1,0,0,0,0,0
17/09/2008,1232,1,1,1,2,2,1,0,0,1,0,0,0,1,0,0,0,0,0
17/09/2008,57,1,1,1,1,3,1,0,0,0,1,0,1,1,0,0,0,0,0
17/09/2008,896,1,1,1,1,2,1,0,0,1,0,0,0,1,0,0,0,0,0
17/09/2008,32,1,1,1,1,2,1,0,0,1,0,1,0,1,0,0,0,0,0
17/09/2008,711,1,1,1,1,3,1,0,0,0,0,1,0,1,0,0,0,0,0
17/09/2008,440,1,1,1,1,1,1,0,0,0,0,0,0,0,0,0,0,0,0
18/09/2008,194,1,1,1,1,3,1,0,0,1,0,0,0,1,0,0,0,0,0
18/09/2008,1061,1,1,1,2,2,1,0,0,1,0,1,0,1,0,0,0,0,0
18/09/2008,142,1,1,1,2,2,1,0,0,1,1,1,1,1,0,0,0,0,0
18/09/2008,981,1,1,1,1,2,1,0,0,0,0,0,0,0,0,0,0,0,0
18/09/2008,74,1,1,1,1,3,1,0,0,1,1,1,0,1,0,0,0,0,0
18/09/2008,1079,1,1,1,1,3,1,0,0,1,0,1,0,1,0,0,0,0,0
19/09/2008,1361,1,1,2,1,2,1,0,0,0,0,0,0,0,0,0,0,0,0
19/09/2008,106,1,1,3,1,1,1,0,0,1,1,0,0,1,0,0,0,0,0
19/09/2008,282,1,1,2,2,1,1,0,0,1,0,1,1,1,0,0,0,0,0
13/04/2009,702,1,1,1,1,1,1,2,0,1,1,0,1,1,0,0,0,0,0
13/04/2009,1257,1,1,1,1,1,1,0,0,0,0,0,0,0,0,0,0,0,0
13/04/2009,689,1,1,1,2,2,1,0,0,0,0,0,1,1,1,0,0,0,0
13/04/2009,771,1,1,1,3,2,1,0,0,1,0,0,1,1,0,1,0,0,0
13/04/2009,898,1,1,1,1,1,1,0,0,0,0,0,0,0,0,0,0,0,0
13/04/2009,898,1,1,1,1,1,1,0,0,0,0,0,0,0,0,0,0,0,0
13/04/2009,195,2,1,2,3,2,1,0,0,1,1,1,0,1,0,0,0,1,0
13/04/2009,727,1,1,1,1,1,1,0,0,1,1,1,0,1,1,0,0,0,0
13/04/2009,1338,1,1,1,2,2,1,0,0,0,1,1,0,1,0,0,0,0,0
13/04/2009,60,2,1,1,2,2,1,0,0,1,1,1,1,1,0,1,0,1,0
13/04/2009,819,1,1,1,2,1,1,0,0,0,1,1,0,1,0,0,0,0,0
13/04/2009,587,1,1,1,3,2,1,0,0,0,1,1,0,1,0,0,0,0,0
13/04/2009,1352,2,1,1,1,2,1,0,0,1,0,1,0,1,0,0,0,1,0
13/04/2009,666,1,1,1,3,2,1,0,0,0,1,1,0,1,0,0,0,0,0
13/04/2009,666,1,1,1,3,2,1,0,0,0,0,1,0,1,0,0,0,0,0
13/04/2009,1026,2,1,1,2,2,1,0,0,1,1,1,0,1,0,0,0,1,0
13/04/2009,1235,1,1,1,1,1,1,0,0,0,0,0,0,0,0,0,0,0,0
22/04/2009,1032,1,1,1,1,2,1,0,0,1,0,0,0,1,0,0,0,0,0
22/04/2009,846,1,1,1,1,2,1,0,0,0,0,0,0,0,0,0,0,0,0
22/04/2009,846,1,1,1,1,2,1,0,0,0,0,0,0,0,0,0,0,0,0
22/04/2009,274,1,1,1,1,1,1,0,0,0,0,0,0,0,0,0,0,0,0
22/04/2009,1283,1,1,1,2,1,1,0,0,0,0,0,0,0,0,0,0,0,0
22/04/2009,232,1,1,1,2,1,1,0,0,0,0,0,0,0,0,0,0,0,0
22/04/2009,1170,1,1,1,1,2,1,0,0,1,0,0,0,1,1,0,0,0,0
22/04/2009,225,1,1,1,2,2,1,0,0,0,0,0,0,0,0,0,0,0,0
22/04/2009,1147,1,1,1,1,1,1,0,0,0,0,0,0,0,0,0,0,0,0
22/04/2009,558,1,1,1,1,1,1,0,0,1,0,0,0,1,1,0,0,0,0
22/04/2009,848,1,1,1,1,1,1,0,0,1,0,0,1,1,0,0,0,0,0
27/04/2009,1069,1,1,1,1,1,1,0,0,0,0,0,0,0,0,0,0,0,0
27/04/2009,1072,1,1,1,2,2,1,0,0,1,0,0,1,1,0,0,0,0,0
27/04/2009,1171,1,1,1,2,2,1,0,0,0,0,0,0,0,0,0,0,0,0
27/04/2009,1310,1,1,1,1,2,1,0,0,0,1,0,0,1,0,0,0,0,0
27/04/2009,1310,1,1,1,1,1,1,0,0,0,0,0,0,0,0,0,0,0,0
27/04/2009,1359,1,1,1,1,1,1,0,0,0,0,0,0,0,0,0,0,0,0
27/04/2009,341,1,1,1,2,1,1,0,0,1,1,0,0,1,0,0,0,0,0
28/04/2009,1029,1,1,1,2,2,1,0,0,1,0,0,0,1,0,0,0,0,0
28/04/2009,198,1,1,1,2,2,1,0,0,1,0,0,0,1,0,0,0,0,0
28/04/2009,424,1,1,1,2,2,1,0,0,0,0,0,0,0,0,0,0,0,0
28/04/2009,1025,1,1,1,2,2,1,0,0,1,0,0,0,1,0,0,0,0,0
28/04/2009,1025,1,1,1,2,2,1,0,0,1,0,0,0,1,0,0,0,0,0
28/04/2009,228,1,1,1,2,2,1,0,0,1,1,0,0,1,0,0,0,0,0
28/04/2009,968,1,1,1,1,2,1,0,0,1,0,1,0,1,0,0,0,0,0
28/04/2009,968,1,1,1,1,2,1,0,0,1,0,1,0,1,0,0,0,0,0
28/04/2009,555,1,1,1,2,2,1,0,0,0,0,0,0,0,0,0,0,0,0
28/04/2009,471,1,1,1,1,1,1,0,0,0,0,0,0,0,0,0,0,0,0
28/04/2009,304,1,1,1,1,2,1,0,0,0,0,0,0,0,0,0,0,0,0
28/04/2009,304,1,1,1,1,2,1,0,0,0,0,0,0,0,0,0,0,0,0
28/04/2009,663,1,1,1,1,1,1,0,0,0,0,0,0,0,0,0,0,0,0
28/04/2009,663,1,1,1,1,1,1,0,0,0,0,0,0,0,0,0,0,0,0
28/04/2009,172,1,1,1,1,1,1,0,0,0,0,0,0,0,0,0,0,0,0
28/04/2009,1004,1,1,1,2,2,1,0,0,0,0,1,0,1,0,0,0,0,0
28/04/2009,1285,1,1,1,2,2,1,0,0,1,1,0,0,1,0,0,0,0,0
28/04/2009,1248,1,1,1,3,2,1,0,0,1,0,1,0,1,0,0,0,0,0
28/04/2009,707,1,1,1,2,2,1,0,0,0,0,0,0,0,0,0,0,0,0
28/04/2009,1300,1,1,1,2,2,1,0,0,1,1,1,0,1,0,0,0,0,0
28/04/2009,1300,1,1,1,2,2,1,0,0,1,1,1,0,1,0,0,0,0,0
28/04/2009,1300,1,1,1,2,2,1,0,0,1,1,1,0,1,0,0,0,0,0
28/04/2009,557,1,1,1,1,2,1,0,0,0,0,0,0,0,0,0,0,0,0
28/04/2009,1149,2,1,1,3,2,1,0,0,1,1,1,0,1,0,0,0,1,0
28/04/2009,604,1,1,1,1,2,1,0,0,1,1,1,1,1,0,0,0,0,0
28/04/2009,930,1,1,1,2,3,1,0,0,1,1,0,1,1,0,0,0,0,0
28/04/2009,930,1,1,1,2,3,1,0,0,1,1,0,0,1,0,0,0,0,0
28/04/2009,1268,1,1,1,2,2,1,0,0,1,0,1,0,1,0,0,0,0,1
28/04/2009,446,1,1,1,2,2,1,0,0,0,0,0,0,0,0,0,0,0,0
28/04/2009,777,1,1,1,1,2,1,0,0,0,0,0,0,0,0,0,0,0,0
28/04/2009,1116,1,1,1,2,2,1,0,0,0,1,0,0,1,0,0,0,0,0
28/04/2009,1322,1,1,1,1,1,1,0,0,0,1,0,1,1,0,0,0,0,0
28/04/2009,468,2,1,1,2,2,1,1,0,1,1,0,1,1,0,0,0,1,0
28/04/2009,995,1,1,1,2,2,1,0,0,1,1,0,0,1,0,0,0,0,0
28/04/2009,995,1,1,1,3,2,1,0,0,1,0,0,0,0,1,0,0,0,0
28/04/2009,1201,1,1,1,3,2,1,0,0,1,0,1,0,1,0,0,0,0,0
28/04/2009,708,2,1,1,2,2,1,0,0,1,1,0,0,1,0,0,0,1,0
28/04/2009,1117,1,1,1,1,2,1,0,0,0,1,0,0,1,0,0,0,0,0
28/04/2009,1244,1,1,1,2,2,1,0,0,1,1,0,1,1,0,1,0,0,0
28/04/2009,750,1,1,1,2,1,1,0,0,1,0,0,0,1,0,0,0,0,0
28/04/2009,750,1,1,1,2,1,1,0,0,0,0,0,0,0,0,0,0,0,0
28/04/2009,917,1,1,1,2,2,1,0,0,1,0,0,1,1,0,1,0,0,0
28/04/2009,917,1,1,1,2,2,1,0,0,1,0,0,0,1,0,0,0,0,0
28/04/2009,941,1,1,1,3,2,1,0,0,1,1,1,0,1,0,0,0,0,0
28/04/2009,835,1,1,1,2,3,1,0,0,0,1,0,1,1,0,0,0,0,0
28/04/2009,213,1,1,1,2,3,1,0,0,0,1,0,1,1,0,0,0,0,0
05/05/2009,814,1,1,1,1,2,1,2,0,1,0,0,0,1,0,0,0,0,0
05/05/2009,591,1,1,1,3,1,1,0,0,1,0,1,0,1,0,0,0,1,0
05/05/2009,990,1,1,1,1,1,1,0,0,1,0,1,0,1,0,0,0,0,0
01/05/2009,1293,1,1,1,3,3,1,0,0,1,0,1,0,1,0,0,0,0,0
01/05/2009,566,1,1,1,1,2,1,0,0,1,0,0,0,1,0,0,0,0,0
24/06/2009,86,1,1,1,3,1,1,0,0,1,1,1,1,1,0,0,0,0,0
24/06/2009,1259,1,1,1,2,3,1,0,0,1,0,0,0,1,0,0,0,0,0
24/06/2009,297,1,1,1,1,2,1,0,0,1,0,0,0,1,0,0,0,0,0
24/06/2009,877,1,1,1,1,1,1,0,0,1,0,1,0,1,0,0,0,0,0
18/06/2009,1280,1,1,1,2,3,1,0,0,1,0,1,1,1,0,0,0,0,0
18/06/2009,1064,1,1,1,1,2,1,0,0,0,0,0,0,0,0,0,0,0,0
18/06/2009,204,1,1,1,1,2,1,0,0,1,0,0,1,1,0,0,0,0,0
18/06/2009,757,1,1,1,2,2,1,0,0,0,0,0,0,0,0,0,0,0,0
18/06/2009,245,1,1,1,2,3,1,0,0,1,0,0,0,1,0,0,0,0,0
18/06/2009,842,1,1,1,2,2,1,0,0,1,0,0,0,1,0,0,0,0,0
18/06/2009,174,1,1,1,4,2,1,0,0,0,0,0,0,0,0,0,0,0,0
18/06/2009,307,1,1,1,1,2,1,0,0,0,1,0,0,1,0,0,0,0,0
18/06/2009,307,1,1,1,1,1,1,0,0,0,0,0,0,0,0,0,0,0,0
18/06/2009,307,1,1,1,1,2,1,0,0,1,0,0,1,1,0,0,0,0,0
18/06/2009,527,1,1,1,1,2,1,0,0,1,0,0,0,1,1,0,0,0,0
18/06/2009,1267,1,1,1,1,1,1,0,0,0,0,0,0,0,0,0,0,0,0
18/06/2009,1080,1,1,1,1,1,1,0,0,0,0,0,0,0,0,0,0,0,0
18/06/2009,734,1,1,1,1,1,1,0,0,0,0,0,0,0,0,0,0,0,0
18/06/2009,1314,1,1,1,1,1,1,0,0,1,0,0,0,1,0,0,0,0,0
18/06/2009,1142,1,1,1,1,2,1,0,0,0,1,0,1,1,1,0,0,0,0
18/06/2009,1142,1,1,1,1,2,1,0,0,0,0,0,0,0,0,0,0,0,0
18/06/2009,972,1,1,1,2,2,1,0,0,1,0,1,0,1,0,0,0,0,0
18/06/2009,1142,1,1,1,1,2,1,0,0,1,0,1,1,1,0,0,0,0,0
18/06/2009,1142,1,1,1,1,2,1,0,0,1,0,0,1,1,0,0,0,0,0
18/06/2009,1142,1,1,1,1,1,1,0,0,0,0,0,0,0,0,0,0,0,0
23/06/2009,1330,1,1,1,2,1,1,0,0,0,0,0,0,0,0,0,0,0,0
23/06/2009,1208,1,1,1,1,1,1,0,0,0,0,0,0,0,0,0,0,0,0
23/06/2009,237,1,1,1,1,2,1,1,0,1,0,0,0,1,0,0,0,0,0
23/06/2009,1212,1,1,1,2,2,1,1,0,1,0,0,0,1,0,0,0,0,0
23/06/2009,664,1,1,1,2,1,1,0,0,0,0,0,0,0,0,0,0,0,0
23/06/2009,1159,1,1,1,3,2,1,0,0,0,2,0,0,1,0,0,0,0,0
23/06/2009,770,1,1,1,3,1,1,0,0,0,1,1,0,1,0,0,0,0,0
23/06/2009,1344,1,1,1,2,1,1,0,0,0,0,0,0,0,0,0,0,0,0
23/06/2009,720,1,1,1,2,2,1,0,0,1,0,0,0,1,0,0,0,0,0
30/06/2009,1339,2,2,2,4,2,1,0,0,1,1,1,1,1,1,0,0,1,0
30/06/2009,1107,1,1,1,2,2,1,0,0,1,1,1,0,1,0,0,0,0,0
30/06/2009,1107,2,2,2,3,2,1,0,0,1,1,1,0,1,0,0,0,1,0
30/06/2009,115,2,1,1,2,2,1,0,0,1,0,1,1,1,0,0,0,1,0
30/06/2009,487,1,1,1,3,2,1,0,0,1,1,1,0,1,0,1,0,0,0
30/06/2009,1165,1,1,1,2,2,1,0,0,0,0,0,0,0,0,0,0,0,0
30/06/2009,754,1,1,1,3,2,1,0,0,0,0,0,0,0,0,0,0,0,0
30/06/2009,852,1,1,1,1,2,1,0,0,0,0,0,0,0,0,0,0,0,0
30/06/2009,1175,2,1,1,2,2,1,0,0,1,0,1,0,1,0,1,0,1,0
30/06/2009,1323,1,1,1,2,2,1,0,0,1,0,1,0,1,0,1,0,0,0
30/06/2009,580,1,1,1,2,2,1,0,0,1,1,1,0,1,0,1,0,0,0
30/06/2009,1313,1,1,1,2,2,1,0,0,1,1,1,0,1,0,1,0,0,0
30/06/2009,500,2,1,1,2,2,1,0,0,1,1,1,0,1,1,1,0,1,0
30/06/2009,532,1,1,1,2,2,1,0,0,0,0,0,0,0,0,0,0,0,0
30/06/2009,414,2,2,2,2,2,1,0,0,1,1,1,0,1,0,1,0,1,0
30/06/2009,395,1,1,1,2,2,1,0,0,1,1,0,0,1,0,0,0,0,0
30/06/2009,498,1,1,1,2,2,1,0,0,1,1,0,0,1,0,1,0,0,0
30/06/2009,138,1,1,1,1,1,1,1,0,1,0,0,0,1,0,0,0,1,0
30/06/2009,230,3,1,1,1,3,1,0,0,1,0,1,0,1,0,0,0,1,0
30/06/2009,1010,1,1,1,2,2,1,0,0,0,0,0,0,0,0,0,0,0,0
30/06/2009,375,1,1,1,2,2,1,0,0,1,1,1,0,1,0,1,0,0,0
23/06/2009,185,1,1,1,2,2,1,0,0,0,0,0,0,0,0,0,0,0,0
23/06/2009,927,1,1,1,2,1,1,0,0,0,0,0,0,0,0,0,0,0,0
23/06/2009,561,1,1,1,2,2,1,0,0,0,1,1,1,1,0,0,0,0,0
23/06/2009,561,1,1,1,2,2,1,0,0,1,1,1,1,1,0,0,0,0,0
23/06/2009,276,1,1,1,2,2,1,0,0,0,1,1,0,1,0,0,0,0,0
23/06/2009,584,1,1,1,1,1,1,0,0,0,0,0,0,0,0,0,0,0,0
23/06/2009,1227,1,1,1,1,2,2,0,0,0,0,0,0,0,0,0,0,0,0
23/06/2009,5,1,1,1,2,2,1,0,0,0,1,0,1,1,1,0,0,0,0
23/06/2009,5,1,1,1,2,2,1,0,0,0,1,1,0,1,0,0,0,0,0
23/06/2009,5,1,1,1,2,2,1,0,0,1,1,1,0,1,0,0,0,0,0
23/06/2009,5,1,1,1,2,2,1,0,0,0,1,1,0,1,0,0,0,0,0
23/06/2009,5,1,1,1,1,2,1,0,0,0,1,0,1,1,0,0,0,0,0
23/06/2009,278,1,1,1,1,2,1,0,0,1,0,1,0,1,0,0,0,0,0
23/06/2009,882,2,1,1,2,2,1,0,0,0,0,0,0,0,0,0,0,1,0
23/06/2009,8,1,1,1,1,1,1,0,0,0,0,0,0,0,0,0,0,0,0
23/06/2009,8,1,1,1,2,2,1,0,0,0,0,1,0,1,0,0,0,0,0
23/06/2009,8,1,1,1,2,2,1,0,0,0,1,0,0,1,0,0,0,0,0
23/06/2009,430,1,1,1,2,1,1,0,0,1,0,0,0,1,0,0,0,0,0
23/06/2009,1356,1,1,1,1,1,1,0,0,0,0,0,0,0,0,0,0,0,0
23/06/2009,594,1,1,1,1,2,1,0,0,1,0,1,0,1,0,0,0,0,0
23/06/2009,690,1,1,1,2,2,1,0,0,0,1,1,0,1,0,0,0,0,0
23/06/2009,690,1,1,1,1,1,1,0,0,0,0,0,0,0,0,0,0,0,0
23/06/2009,690,1,1,1,2,1,1,0,0,1,0,0,0,1,0,0,0,0,0
23/06/2009,198,1,1,1,1,2,2,0,0,1,1,0,0,1,0,0,0,0,0
23/06/2009,622,1,1,1,2,2,1,0,0,0,0,0,0,0,0,0,0,0,0
23/06/2009,622,1,1,1,1,1,1,0,0,0,1,1,0,1,0,0,0,0,0
23/06/2009,273,1,1,1,1,2,1,0,0,0,1,0,1,1,0,0,0,0,0
23/06/2009,381,1,1,1,1,2,1,0,0,1,0,1,0,1,0,0,0,0,0
23/06/2009,369,1,1,1,1,2,1,0,0,0,0,0,0,0,0,0,0,0,0
23/06/2009,731,1,1,1,2,2,1,0,0,1,0,1,0,1,0,0,0,0,0
23/06/2009,731,1,1,1,2,2,1,0,0,0,1,1,0,1,0,0,0,0,0
23/06/2009,1332,1,1,1,2,2,1,0,0,1,0,0,0,1,0,0,0,0,0
23/06/2009,411,1,1,1,2,1,1,0,0,0,0,1,1,1,0,0,0,0,0
23/06/2009,362,1,1,2,2,1,1,0,0,1,1,1,0,1,0,0,0,0,0
23/06/2009,973,1,1,1,2,2,1,0,0,0,0,1,1,1,0,0,0,0,0
23/06/2009,576,1,1,1,2,2,1,0,0,1,0,1,0,1,0,0,0,0,0
23/06/2009,648,1,1,1,2,2,1,0,0,0,1,0,1,1,0,0,0,0,0
23/06/2009,190,1,1,2,2,1,1,0,0,1,1,1,0,1,0,0,0,0,0
23/06/2009,832,1,1,1,1,2,1,0,0,0,1,1,0,1,0,0,0,0,0
23/06/2009,832,1,1,1,1,2,1,0,0,0,1,1,0,1,0,0,0,0,0
23/06/2009,310,1,1,1,2,2,1,0,0,1,1,1,0,1,0,0,0,0,0
20/10/2009,459,1,1,1,2,2,1,0,0,0,0,0,0,0,0,0,0,0,0
20/10/2009,1362,1,1,1,2,2,1,0,0,1,0,1,0,1,0,0,0,0,0
20/10/2009,1362,1,1,1,2,2,1,1,0,1,1,0,1,1,0,0,0,0,0
20/10/2009,1362,1,1,1,2,2,1,0,0,0,0,1,0,1,0,0,0,0,0
20/10/2009,925,1,1,1,2,2,1,0,0,0,0,0,0,0,0,0,0,0,0
20/10/2009,1362,1,1,1,1,2,1,0,0,0,0,0,0,0,0,0,0,0,0
20/10/2009,1362,1,1,1,1,2,1,0,0,0,0,0,0,0,0,0,0,0,0
20/10/2009,919,1,1,1,2,2,1,0,0,0,1,1,0,1,0,0,0,0,0
20/10/2009,380,1,1,1,2,2,1,0,0,1,1,1,1,1,1,0,1,0,0
20/10/2009,1308,2,1,1,2,2,1,0,0,1,1,1,1,1,0,1,0,1,0
20/10/2009,809,1,1,1,2,2,1,0,0,1,1,0,0,1,0,0,0,0,0
20/10/2009,1157,1,1,1,2,2,1,0,0,1,0,1,1,1,0,0,0,0,0
20/10/2009,195,2,1,1,2,2,1,0,0,1,1,1,1,1,0,0,0,1,0
20/10/2009,1305,1,1,1,2,2,1,0,0,1,1,1,0,1,0,0,0,0,0
20/10/2009,597,1,1,3,2,2,1,0,0,1,0,1,1,1,0,0,0,0,0
20/10/2009,275,1,1,1,2,2,1,0,0,1,1,1,0,1,1,0,1,0,0
20/10/2009,1046,1,1,1,1,2,1,0,0,0,1,0,0,1,1,0,0,0,0
20/10/2009,776,2,1,1,2,2,1,0,0,1,1,0,0,1,0,0,0,1,0
20/10/2009,409,1,1,1,1,2,1,0,0,0,0,1,0,1,0,0,0,0,0
20/10/2009,1075,1,1,1,2,2,1,0,0,1,0,0,0,1,1,0,0,0,0
21/10/2009,280,1,1,1,2,2,1,0,0,1,1,1,0,1,0,0,0,0,0
21/10/2009,480,1,1,1,1,2,1,0,0,0,0,1,0,1,0,0,0,0,0
21/10/2009,654,1,1,1,1,1,1,0,0,0,0,0,0,0,0,0,0,0,0
21/10/2009,324,1,1,1,1,1,1,0,0,0,0,1,0,1,0,0,0,0,0
21/10/2009,742,1,1,1,1,1,1,0,0,1,1,0,0,1,0,0,0,0,0
21/10/2009,937,1,1,1,1,1,1,0,0,0,1,1,0,1,0,0,0,0,0
21/10/2009,937,1,1,1,1,1,1,0,0,0,1,1,0,1,0,0,0,0,0
21/10/2009,827,1,1,1,1,1,1,0,0,0,1,0,0,1,0,0,0,0,0
21/10/2009,827,1,1,1,1,1,1,0,0,0,0,0,0,0,0,0,0,0,0
21/10/2009,827,1,1,1,1,1,1,0,0,0,0,0,0,0,0,0,0,0,0
21/10/2009,1044,1,1,1,1,1,1,0,0,0,0,0,0,0,0,0,0,0,0
21/10/2009,1044,1,1,1,1,1,1,0,0,0,1,0,0,1,0,0,0,0,0
21/10/2009,1044,1,1,1,1,1,1,0,0,0,0,1,0,1,0,0,0,0,0
21/10/2009,1307,1,1,1,1,1,1,0,0,0,0,0,1,1,0,0,0,0,0
21/10/2009,621,1,1,1,1,1,1,0,0,1,0,0,0,1,0,0,0,0,0
21/10/2009,206,1,1,1,1,1,1,0,0,1,0,0,0,1,0,0,0,0,0
21/10/2009,437,1,1,1,1,1,1,0,0,0,0,0,0,0,0,0,0,0,0
21/10/2009,327,1,1,1,1,1,1,0,0,0,0,0,0,0,0,0,0,0,0
21/10/2009,713,1,1,1,1,1,1,0,0,0,0,0,0,0,0,0,0,0,0
21/10/2009,406,1,1,1,1,1,1,0,0,0,0,0,0,0,0,0,0,0,0
29/10/2009,1255,1,1,1,2,2,1,0,0,1,0,1,0,1,0,0,0,0,0
29/10/2009,1009,1,1,1,1,2,1,0,0,1,0,1,0,1,0,1,0,0,0
29/10/2009,159,1,1,1,2,2,1,0,0,0,0,0,0,0,0,0,0,0,0
29/10/2009,893,1,1,1,3,3,1,0,0,1,0,1,0,1,0,0,0,0,0
29/10/2009,422,1,1,1,2,2,1,0,0,1,1,0,1,1,0,1,0,0,0
29/10/2009,856,1,1,1,2,2,1,0,0,1,1,1,1,1,0,1,0,0,0
29/10/2009,856,2,1,1,2,1,1,0,0,1,1,1,0,1,0,0,0,1,0
27/10/2009,403,1,1,1,2,2,1,0,0,1,0,1,0,1,0,0,0,0,0
27/10/2009,1224,1,1,1,2,2,1,0,0,1,0,1,0,1,0,0,0,0,0
27/10/2009,1224,1,1,1,2,2,1,0,0,1,0,1,0,1,0,0,0,0,0
27/10/2009,1231,1,1,1,2,2,1,0,0,0,0,1,0,1,0,0,0,0,0
27/10/2009,359,1,1,1,2,2,1,0,0,0,0,1,0,1,0,0,0,0,0
27/10/2009,287,1,1,1,2,2,1,0,0,1,0,1,0,1,0,0,0,0,0
27/10/2009,287,1,1,1,2,2,1,0,0,0,0,1,0,1,0,0,0,0,0
27/10/2009,287,1,1,1,2,2,1,0,0,0,1,0,0,1,0,0,0,0,0
27/10/2009,761,1,1,1,2,2,1,0,0,0,0,0,1,1,0,0,0,0,0
27/10/2009,761,1,1,1,2,2,1,0,0,1,1,0,0,1,0,0,0,0,0
27/10/2009,761,1,1,1,2,2,1,0,0,0,1,0,0,1,0,0,0,0,0
27/10/2009,761,1,1,1,2,2,1,0,0,0,1,1,0,1,0,0,0,0,0
27/10/2009,761,1,1,1,2,2,1,0,0,0,1,1,0,1,0,0,0,0,0
27/10/2009,1364,1,1,1,1,1,1,0,0,0,0,0,0,0,0,0,0,0,0
27/10/2009,968,1,1,1,2,1,1,0,0,0,0,1,0,1,0,0,0,0,0
27/10/2009,968,1,1,1,2,2,1,0,0,0,1,0,0,1,0,0,0,0,0
27/10/2009,933,1,1,1,2,2,1,0,0,0,0,0,0,1,0,0,0,0,0
27/10/2009,910,1,1,1,2,2,1,0,0,1,0,0,0,1,0,0,0,0,0
27/10/2009,533,1,1,1,2,2,1,0,0,1,0,0,0,1,0,0,0,0,0
27/10/2009,795,1,1,1,2,2,1,0,0,0,0,0,1,1,0,0,0,0,0
27/10/2009,13,2,1,1,2,2,1,0,0,0,1,0,0,1,0,0,0,1,0
27/10/2009,13,1,1,1,2,2,1,0,0,0,1,0,0,1,0,0,0,0,0
27/10/2009,13,1,1,1,2,2,1,0,0,0,0,1,0,1,0,0,0,0,0
27/10/2009,21,1,1,1,2,2,2,0,0,1,0,0,0,1,0,0,0,0,0
27/10/2009,80,1,1,1,2,2,1,0,0,1,0,0,1,1,0,0,0,0,0
27/10/2009,861,1,1,1,2,2,1,0,0,0,1,0,0,1,0,0,0,0,0
27/10/2009,1260,1,1,1,2,2,1,0,0,1,0,1,0,1,0,0,0,0,0
27/10/2009,773,1,1,1,2,2,1,0,0,0,1,0,0,1,0,0,0,0,0
27/10/2009,705,1,1,1,2,2,1,0,0,1,1,0,0,1,0,0,0,0,0
27/10/2009,517,1,1,1,2,2,1,0,0,0,1,0,0,1,0,0,0,0,0
27/10/2009,517,1,1,1,2,2,1,0,0,0,1,1,0,1,0,0,0,0,0
27/10/2009,517,1,1,1,2,2,1,0,0,1,0,1,0,1,0,0,0,0,0
03/11/2009,1031,2,1,2,3,3,1,0,0,1,1,0,0,1,0,0,0,1,0
03/11/2009,753,1,1,1,1,3,1,0,0,0,0,1,0,1,0,0,0,0,0
03/11/2009,171,1,1,1,1,2,1,0,0,0,1,0,0,1,0,0,0,0,0
03/11/2009,862,1,1,1,1,3,1,0,0,0,0,1,1,1,0,0,0,0,0
03/11/2009,709,1,1,1,1,2,1,0,0,1,0,0,0,1,0,0,0,0,0
03/11/2009,417,1,1,1,1,2,1,0,0,0,0,0,0,0,0,0,0,0,0
03/11/2009,603,1,1,1,1,2,1,0,0,1,0,0,0,1,0,0,0,0,0
03/11/2009,671,1,1,1,1,2,1,0,0,0,1,0,0,1,0,0,0,0,0
03/11/2009,813,1,1,1,1,2,1,0,0,1,0,0,0,1,0,0,0,0,0
03/11/2009,683,1,1,1,2,1,1,0,0,0,0,1,0,1,0,0,0,0,0
03/11/2009,683,1,1,1,2,2,1,0,0,1,1,0,0,1,0,0,0,0,0
03/11/2009,1336,1,1,1,2,1,1,0,0,0,0,0,0,0,0,0,0,0,0
03/11/2009,810,1,1,1,1,3,1,0,0,0,1,1,0,1,0,0,0,0,0
03/11/2009,423,1,1,1,1,2,1,0,0,0,0,0,0,0,1,0,0,0,0
30/10/2009,1184,1,1,1,1,2,1,2,0,1,1,0,1,1,0,0,0,0,0
30/10/2009,1071,1,1,1,1,1,1,0,0,1,0,1,0,1,0,0,0,0,0
30/10/2009,1243,1,1,1,2,1,1,0,0,1,0,0,0,1,0,0,0,0,0
30/10/2009,308,1,1,1,1,1,1,0,0,0,1,0,0,1,0,0,0,0,0
30/10/2009,1094,1,1,1,1,2,1,0,0,0,0,0,0,0,0,0,0,0,0
30/10/2009,1088,1,1,1,2,2,1,0,0,0,1,0,0,1,0,0,0,0,0
16/12/2009,612,1,1,1,1,2,1,0,0,0,1,0,0,1,1,0,0,0,0
16/12/2009,152,2,1,1,3,3,1,0,0,1,1,1,0,1,1,0,0,1,0
16/12/2009,91,1,1,1,1,3,2,0,0,1,1,1,0,1,0,0,0,0,0
16/12/2009,1177,2,1,1,1,2,1,0,0,1,1,1,0,1,1,0,0,1,0
16/12/2009,267,4,1,1,1,2,1,0,0,1,1,1,0,1,0,0,0,1,0
16/12/2009,368,1,1,2,2,2,2,0,0,1,1,1,1,1,0,0,0,0,0
16/12/2009,632,1,1,1,1,2,1,0,0,1,1,1,1,1,0,0,0,0,0
16/12/2009,1063,2,1,1,1,2,1,0,0,1,1,1,1,1,0,0,0,1,0
16/12/2009,724,1,1,1,2,3,1,0,0,1,1,1,0,1,1,0,0,0,0
16/12/2009,839,1,1,1,2,3,1,0,0,1,0,1,0,1,0,0,1,0,0
16/12/2009,1274,1,1,1,1,2,1,0,0,1,0,0,0,1,0,0,0,0,0
16/12/2009,300,2,1,1,1,2,1,0,0,1,0,0,0,1,0,0,0,1,0
16/12/2009,445,1,1,1,1,2,1,0,0,1,1,0,0,1,0,0,0,0,0
16/12/2009,674,1,1,1,1,2,1,0,0,1,1,0,0,1,0,0,1,0,0
16/12/2009,223,1,1,1,1,2,1,0,0,1,0,0,0,1,0,0,0,0,0
16/12/2009,223,1,1,1,2,2,1,0,0,1,1,0,1,1,0,0,0,0,0
16/12/2009,960,2,1,1,1,4,1,0,0,1,1,1,1,1,0,0,0,1,0
16/12/2009,805,1,1,1,1,2,1,0,0,1,1,1,1,1,0,0,0,0,0
16/12/2009,805,2,1,1,2,2,1,1,0,1,1,1,1,1,0,0,0,1,0
16/12/2009,805,1,1,2,1,2,1,0,0,1,1,1,1,1,0,0,0,0,0
16/12/2009,1046,1,1,1,1,1,1,0,0,1,0,1,0,1,0,0,0,0,0
16/12/2009,695,1,1,1,1,1,1,0,0,1,0,1,0,1,0,0,0,0,0
16/12/2009,1,2,1,1,1,1,1,0,0,1,0,1,0,1,0,0,1,1,0
16/12/2009,175,1,1,2,1,2,1,0,0,1,0,0,0,1,0,1,0,0,0
16/12/2009,668,2,1,1,3,2,1,0,0,1,0,0,0,1,0,0,0,1,0
16/12/2009,331,1,1,1,2,2,1,0,0,0,0,1,0,1,1,0,0,0,0
16/12/2009,1301,1,1,1,1,1,1,0,0,1,1,0,0,1,0,0,0,0,0
16/12/2009,1161,1,1,1,2,2,2,1,0,1,1,0,0,1,0,0,0,0,0
16/12/2009,868,2,1,1,2,2,1,0,0,1,0,0,0,1,0,1,0,1,0
16/12/2009,321,1,1,1,1,2,1,0,0,1,0,0,0,1,0,1,0,0,0
16/12/2009,834,2,1,1,2,2,1,0,0,1,0,1,1,1,0,0,0,1,0
16/12/2009,966,2,1,1,2,2,1,1,0,1,0,1,0,1,0,0,0,1,0
16/12/2009,1047,1,1,1,2,2,1,0,0,1,1,0,0,1,0,0,0,0,0
16/12/2009,878,2,1,1,2,2,1,0,0,1,1,1,0,1,1,0,0,1,0
17/12/2009,453,1,1,1,1,1,1,0,0,1,0,0,1,1,0,1,0,0,0
17/12/2009,1031,2,1,1,1,1,1,0,0,0,0,0,0,0,0,0,0,1,0
17/12/2009,1354,1,1,2,1,1,1,0,0,0,0,1,0,1,0,1,0,0,0
17/12/2009,518,1,1,1,1,1,1,0,0,1,1,0,0,1,0,0,0,0,0
17/12/2009,846,1,1,1,1,1,1,0,0,1,0,1,0,1,0,0,0,0,0
17/12/2009,846,1,1,1,1,1,1,0,0,0,0,1,0,1,0,0,0,0,0
17/12/2009,74,1,1,1,1,1,1,0,0,0,1,0,0,1,0,0,0,0,0
17/12/2009,74,1,1,1,1,1,1,0,0,1,0,0,0,1,0,0,0,0,0
17/12/2009,1279,1,1,1,1,1,1,0,0,0,0,1,0,1,0,0,0,0,0
17/12/2009,1279,1,1,1,1,1,1,0,0,1,0,0,0,1,0,0,0,0,0
17/12/2009,688,1,1,1,1,1,1,0,0,1,0,0,0,1,0,0,0,0,0
17/12/2009,79,1,1,1,1,1,1,0,0,0,1,1,0,1,0,0,0,0,0
17/12/2009,79,1,1,1,1,1,1,0,0,1,0,1,0,1,0,0,0,0,0
17/12/2009,799,2,1,1,1,1,1,0,0,0,0,1,0,1,0,0,0,1,0
17/12/2009,488,1,1,1,1,1,1,0,0,0,0,1,0,1,0,0,0,0,0
27/01/2010,301,2,1,1,1,1,1,1,0,1,1,0,0,1,0,0,0,1,0
27/01/2010,480,1,1,1,1,1,1,0,0,1,0,0,0,1,0,0,0,0,0
27/01/2010,16,2,1,1,1,1,1,1,0,1,0,0,0,1,0,0,0,1,0
27/01/2010,1322,1,1,1,1,1,1,0,0,0,0,0,1,1,0,0,0,0,0
27/01/2010,634,2,1,1,1,1,1,0,0,0,1,0,0,1,0,0,0,1,0
27/01/2010,634,1,1,1,1,1,1,0,0,0,0,0,1,1,0,0,0,0,0
27/01/2010,634,1,1,1,1,1,1,0,0,0,0,0,0,0,0,0,0,0,0
27/01/2010,1087,1,1,1,1,1,1,0,0,0,1,0,0,1,0,0,0,0,0
27/01/2010,817,1,1,1,1,1,1,0,0,0,1,0,0,1,0,0,0,0,0
27/01/2010,614,1,1,1,1,1,1,0,0,0,0,0,0,0,0,0,0,0,0
27/01/2010,443,1,1,1,1,1,1,0,0,0,0,0,0,0,0,0,0,0,0
27/01/2010,919,1,1,1,1,1,1,0,0,0,0,0,0,0,0,0,0,0,0
27/01/2010,919,1,1,1,1,1,1,0,0,0,1,0,0,1,0,0,0,0,0
27/01/2010,919,1,1,1,1,1,1,0,0,0,0,0,0,1,0,0,0,0,0
27/01/2010,1038,1,1,1,1,1,1,0,0,1,0,0,0,1,0,0,0,0,0
27/01/2010,47,1,1,1,1,1,1,0,0,1,0,0,0,1,0,0,0,0,0
27/01/2010,47,1,1,1,1,1,1,0,0,0,1,0,0,1,0,0,0,0,0
27/01/2010,47,1,1,1,1,1,1,0,0,0,0,0,0,0,0,0,0,0,0
27/01/2010,1326,2,1,1,1,1,1,0,0,0,0,1,0,1,0,0,0,1,0
28/01/2010,197,1,1,1,1,1,1,0,0,0,1,0,0,1,0,0,0,0,0
28/01/2020,258,1,1,1,1,1,1,0,0,0,0,0,0,0,0,0,0,0,0
28/01/2010,1028,1,1,1,1,1,1,0,0,1,0,1,0,1,0,0,0,0,0
28/01/2010,330,1,1,1,1,1,1,0,0,0,0,0,0,0,0,0,0,0,0
28/01/2010,1215,1,1,1,1,1,1,0,0,1,0,0,0,1,0,0,0,0,0
28/01/2010,1123,1,1,1,1,1,1,0,0,0,0,0,0,0,0,0,0,0,0
28/01/2010,1089,1,1,1,1,1,1,0,0,0,0,0,0,0,0,0,0,0,0
27/01/2010,948,3,1,1,2,2,1,0,0,1,0,1,0,1,0,0,0,1,0
27/01/2010,948,3,1,1,2,2,1,0,0,1,1,1,0,1,0,0,0,1,0
27/01/2010,998,1,1,1,1,2,1,0,0,0,0,0,0,0,0,0,0,0,0
27/01/2010,1051,1,1,1,1,2,1,0,0,1,0,1,0,1,0,0,0,0,0
27/01/2010,1214,3,1,1,2,1,1,0,0,1,1,1,0,1,0,0,0,1,0
27/01/2010,1037,1,1,1,1,2,1,0,0,1,0,0,0,1,0,0,0,0,0
27/01/2010,926,1,1,1,1,2,1,0,0,1,0,0,0,1,0,0,0,0,0
27/01/2010,926,1,1,1,1,2,1,0,0,1,0,0,0,1,0,0,0,0,0
27/01/2010,692,1,1,1,1,2,1,0,0,1,0,0,0,1,0,0,0,0,0
27/01/2010,1355,1,1,1,1,2,1,0,0,0,0,0,0,0,0,0,0,0,0
27/01/2010,873,1,1,1,2,2,1,0,0,1,0,1,0,1,0,0,0,0,0
27/01/2010,129,1,1,1,1,2,1,0,0,0,0,0,0,0,0,0,0,0,0
27/01/2010,530,1,1,1,2,2,1,0,0,1,1,1,1,1,0,0,0,0,0
27/01/2010,530,1,1,1,2,2,1,0,0,1,1,1,1,1,0,0,0,0,0
27/01/2010,539,1,1,1,2,2,1,0,0,1,0,1,0,1,0,0,0,0,0
27/01/2010,1082,1,1,1,2,2,1,0,0,1,0,0,0,1,1,0,0,0,0
06/06/2009,660,1,1,4,1,2,1,0,0,1,1,0,0,1,0,0,0,0,0
09/06/2009,595,1,1,1,1,1,1,0,0,0,0,0,0,0,0,0,0,0,0
09/06/2009,1164,1,1,1,1,2,1,0,0,1,1,0,0,1,1,0,0,0,0
09/06/2009,953,1,1,1,1,2,1,0,0,1,0,1,0,1,0,0,0,0,0
09/06/2009,953,1,1,1,2,2,1,0,0,0,0,0,0,0,0,0,0,0,0
09/06/2009,1085,1,1,1,2,1,1,0,0,1,1,1,1,1,0,0,0,0,0
09/06/2009,1236,1,1,1,1,2,1,0,0,1,1,0,0,1,0,0,0,0,0
09/06/2009,1108,1,1,1,1,1,1,0,0,0,0,0,0,0,0,0,0,0,0
09/06/2009,1108,1,1,1,1,1,1,0,0,0,0,0,0,0,1,0,0,0,0
09/06/2009,653,1,1,1,2,2,1,0,0,1,0,0,0,1,0,0,0,0,0
09/06/2009,387,1,1,1,3,2,1,0,0,1,0,1,0,1,0,0,0,0,0
09/06/2009,438,1,1,1,1,2,1,0,0,1,0,0,0,1,0,0,0,0,0
09/06/2009,845,1,1,1,1,2,1,0,0,1,1,1,0,1,0,0,0,0,0
09/06/2009,845,2,1,1,1,3,1,0,0,1,0,1,0,1,0,0,0,1,0
09/06/2009,906,2,1,1,2,4,1,0,0,1,0,0,0,1,0,0,0,1,0
09/06/2009,302,1,1,1,2,2,1,0,0,1,0,0,0,1,0,0,0,0,0
09/06/2009,512,1,1,1,2,2,1,0,0,1,0,0,0,1,0,0,0,0,0
10/06/2009,879,1,1,2,2,3,2,0,0,1,1,1,1,1,0,0,0,0,0
10/06/2009,42,1,1,1,2,2,1,0,0,1,1,0,0,1,0,0,0,0,0
10/06/2009,874,1,1,1,3,2,1,0,0,1,1,1,1,1,0,0,0,0,0
10/06/2009,1106,1,1,1,1,2,1,0,0,0,1,1,0,1,0,0,0,0,0
10/06/2009,1203,2,1,1,1,2,1,0,0,1,1,1,1,1,0,0,0,1,0
10/06/2009,97,1,1,1,1,1,1,0,0,0,0,0,0,0,0,0,0,0,0
10/06/2009,45,1,1,1,1,2,1,0,0,1,1,1,0,1,0,0,0,0,0
10/06/2009,1007,1,1,1,1,1,1,0,0,1,0,0,0,1,0,0,0,0,0
10/06/2009,655,1,1,1,1,2,1,0,0,1,0,1,0,1,0,0,0,0,0
10/06/2009,401,1,1,1,1,2,1,0,0,1,1,0,0,1,0,0,0,0,0
10/06/2009,935,1,1,1,1,1,1,0,0,0,0,0,0,0,0,0,0,0,0
10/06/2009,343,1,1,1,1,2,1,0,0,1,0,0,0,1,0,0,0,0,0
10/06/2009,173,1,1,1,2,2,1,0,0,1,0,1,1,1,0,0,0,0,0
10/06/2009,1176,1,1,1,1,3,1,0,0,0,1,0,0,1,0,0,0,0,0
10/06/2009,486,1,1,1,1,2,1,0,0,1,1,1,0,1,0,0,0,0,0
10/06/2009,486,1,1,1,1,2,1,0,0,1,1,1,0,1,0,0,0,0,0
11/06/2009,651,1,1,1,2,2,1,0,0,1,0,0,0,1,1,0,0,0,0
11/06/2009,6,1,1,1,1,1,1,0,0,0,0,0,0,0,0,0,0,0,0
11/06/2009,482,1,1,1,1,2,1,0,0,0,0,0,0,1,1,0,0,0,0
11/06/2009,84,1,1,1,1,2,1,0,0,0,0,0,0,0,0,0,0,0,0
11/06/2009,1277,1,1,1,1,3,1,0,0,0,0,0,0,0,0,0,0,0,0
11/06/2009,295,1,1,1,1,1,1,0,0,0,0,1,0,1,0,0,0,0,0
11/06/2009,295,1,1,1,1,1,1,0,0,0,1,0,0,1,0,0,0,0,0
12/06/2009,741,1,1,1,1,1,1,0,0,1,1,1,0,1,0,0,0,0,0
12/06/2009,1129,1,1,1,2,1,1,0,0,0,0,0,0,0,0,0,0,0,0
12/06/2009,1162,1,1,1,2,1,1,0,0,0,0,1,0,1,0,0,0,0,0
12/06/2009,163,1,1,1,1,1,1,0,0,0,1,1,0,1,0,0,0,0,0
12/06/2009,59,1,1,1,1,1,1,0,0,0,0,1,0,0,0,1,0,0,0
12/06/2009,562,1,1,1,1,2,1,0,0,0,0,1,0,1,0,0,0,0,0
12/06/2009,1362,1,1,1,1,1,1,0,0,1,1,0,0,1,0,0,0,0,0
12/06/2009,1362,1,1,1,1,1,1,0,0,0,1,1,0,1,0,0,0,0,0
12/06/2009,1156,1,1,1,1,1,1,0,0,0,0,1,0,1,0,0,0,0,0
12/06/2009,189,1,1,1,2,2,1,0,0,1,1,0,0,1,0,0,0,0,0
12/06/2009,744,2,1,1,1,1,1,0,0,0,1,0,0,1,0,0,0,1,0
12/06/2009,1098,1,1,1,1,2,1,0,0,1,1,1,0,1,0,0,0,0,0
12/06/2009,1098,1,1,1,1,1,1,0,0,1,0,1,0,1,0,0,0,0,0
12/06/2009,1145,1,1,1,1,2,1,0,0,1,1,1,0,1,0,0,0,0,0
12/06/2009,1145,1,1,1,1,2,1,0,0,1,1,1,0,1,0,0,0,0,0
12/06/2009,1145,1,1,1,1,2,1,0,0,1,1,1,1,1,0,0,0,0,0
15/06/2009,635,1,1,1,1,1,1,0,0,0,0,0,0,0,0,0,0,0,0
15/06/2009,749,1,1,1,2,1,1,0,0,0,0,1,0,1,0,0,0,0,0
15/06/2009,775,1,1,1,1,1,1,0,0,0,0,0,0,0,0,0,0,0,0
15/06/2009,639,2,1,2,3,1,1,0,0,1,1,1,1,1,0,0,0,1,0
15/06/2009,1023,1,1,1,1,1,1,0,0,0,0,1,0,1,1,0,0,0,0
15/06/2009,444,1,1,1,1,1,1,0,0,0,0,0,0,1,0,0,0,0,0
15/06/2009,497,1,1,1,1,2,1,0,0,1,1,1,1,1,0,0,0,0,0
15/06/2009,1057,1,1,1,1,2,1,0,0,1,1,0,0,1,0,0,0,0,0
15/06/2009,373,1,1,1,1,1,1,0,0,1,0,1,0,1,0,0,0,0,0
15/06/2009,892,1,1,1,3,2,1,0,0,1,1,1,0,1,0,0,0,0,0
17/06/2009,644,1,1,1,1,2,1,0,0,1,0,1,0,1,0,0,0,0,0
17/06/2009,644,1,1,1,1,2,1,0,0,1,0,0,0,1,1,0,0,0,0
17/06/2009,1185,1,1,1,1,2,1,0,0,1,1,0,0,1,0,0,0,0,0
17/06/2009,1185,1,1,1,1,2,1,0,0,0,0,1,1,1,0,0,0,0,0
17/06/2009,150,1,1,1,1,1,1,0,0,0,0,0,0,1,0,0,0,0,0
17/06/2009,153,1,1,1,1,1,1,0,0,0,0,0,0,0,0,0,0,0,0
17/06/2009,153,1,1,1,1,1,1,0,0,0,0,0,0,0,0,0,0,0,0
19/06/2009,407,1,1,1,1,1,1,0,0,1,0,0,0,1,0,0,0,0,0
23/06/2009,337,2,1,1,2,2,1,0,0,1,1,1,0,1,0,0,0,1,0
24/06/2009,382,1,1,1,1,1,1,0,0,1,0,0,0,1,0,0,0,0,0
24/06/2009,859,1,1,1,1,1,1,0,0,1,0,1,0,1,0,0,0,0,0
24/06/2009,491,1,1,1,1,1,1,0,0,1,0,1,0,1,0,0,0,0,0
25/06/2009,248,1,1,1,1,1,1,1,0,1,0,0,0,1,0,0,0,0,0
25/06/2009,1036,1,1,1,1,1,1,0,0,1,0,0,0,1,0,0,0,0,0
25/06/2009,997,1,1,1,1,2,1,0,0,1,0,1,0,1,0,0,0,0,0
25/06/2009,1012,1,1,1,1,1,1,0,0,1,1,0,0,1,0,0,0,0,0
25/06/2009,961,1,1,1,1,1,1,0,0,1,1,1,1,1,0,0,0,0,0
25/06/2009,869,1,1,1,1,1,1,0,0,1,1,1,0,1,0,0,0,0,0
25/06/2009,850,1,1,1,1,1,1,0,0,1,1,0,0,1,0,0,0,0,0
25/06/2009,481,1,1,1,1,1,1,0,0,1,1,1,1,1,0,0,0,0,0
25/06/2009,49,1,1,1,1,1,1,0,0,1,0,0,1,1,0,0,0,0,0
25/06/2009,49,1,3,1,1,1,1,1,0,1,0,0,1,1,0,0,0,0,0
25/06/2009,700,1,1,1,1,2,1,0,0,1,0,0,0,1,0,0,0,0,0
25/06/2009,803,1,1,1,1,1,1,0,0,1,1,0,0,1,0,0,0,0,0
25/06/2009,374,1,1,1,1,1,1,0,0,1,0,0,0,1,0,0,0,0,0
28/04/2010,620,1,1,1,1,4,1,0,0,0,0,0,0,0,0,0,0,0,0
28/04/2010,209,1,1,1,3,3,1,0,0,0,1,1,0,1,0,0,0,0,0
28/04/2010,212,2,1,1,3,3,1,0,0,0,1,0,0,1,0,0,1,1,0
28/04/2010,212,2,1,1,3,3,1,0,0,1,1,0,0,1,0,0,0,1,0
28/04/2010,1224,1,1,1,4,4,1,0,0,1,0,1,0,1,0,0,0,0,0
28/04/2010,1224,1,1,1,3,4,1,0,0,1,1,1,0,1,0,0,0,0,0
28/04/2010,53,1,1,1,2,2,1,0,0,1,0,1,0,1,0,0,0,0,0
28/04/2010,430,1,1,1,2,2,1,0,0,0,1,0,0,1,0,0,0,0,0
28/04/2010,430,1,1,1,1,2,1,0,0,0,0,0,0,0,0,0,0,0,0
28/04/2010,815,1,1,1,1,1,1,0,0,0,0,0,0,0,0,0,0,0,0
28/04/2010,1216,1,1,1,2,2,1,0,0,0,0,1,0,1,0,0,0,0,0
28/04/2010,473,1,1,1,2,2,1,0,0,1,1,0,0,1,0,0,0,0,0
28/04/2010,13,1,1,1,1,1,1,0,0,0,0,0,0,0,0,0,0,0,0
28/04/2010,13,1,1,1,2,2,1,0,0,1,1,1,1,1,0,0,0,0,1
28/04/2010,221,1,1,1,2,2,1,0,0,0,0,1,0,1,0,0,0,0,0
28/04/2010,530,1,1,1,3,2,1,0,0,0,1,1,0,1,0,0,0,0,0
28/04/2010,64,1,1,1,2,2,1,0,0,0,0,0,0,0,0,0,0,0,0
28/04/2010,493,1,1,1,3,3,1,0,0,1,1,1,1,1,1,0,1,0,0
28/04/2010,493,1,1,1,3,3,1,0,0,0,1,1,1,1,1,1,0,0,0
28/04/2010,1220,1,1,1,2,3,1,0,0,0,0,1,0,1,0,1,0,0,0
28/04/2010,1050,1,1,1,2,3,1,0,0,1,1,1,0,1,0,0,0,0,0
28/04/2010,572,1,1,1,2,2,1,0,0,0,1,1,0,1,0,0,0,0,0
28/04/2010,73,1,1,1,1,1,1,0,0,0,0,0,0,0,0,0,0,0,0
26/04/2010,321,1,1,1,1,2,1,0,0,0,1,0,0,1,0,0,1,1,0
26/04/2010,1209,2,1,1,2,1,1,0,0,1,1,0,0,1,0,0,0,1,0
26/04/2010,496,1,1,1,1,1,1,1,0,1,0,0,0,1,0,0,0,0,0
26/04/2010,509,1,1,1,1,1,1,1,0,0,0,0,0,0,0,0,0,0,0
26/04/2010,1272,1,1,1,1,1,1,0,0,1,0,0,1,1,0,0,0,0,0
26/04/2010,541,1,1,1,1,1,1,0,0,1,0,0,1,1,0,0,0,0,0
26/04/2010,210,1,1,2,1,1,1,0,0,1,0,1,0,1,0,0,0,0,0
26/04/2010,398,1,1,1,1,1,1,0,0,0,0,0,0,0,0,0,0,0,0
26/04/2010,84,1,1,1,1,1,1,0,0,0,0,0,1,1,0,0,0,0,0
26/04/2010,830,1,1,1,2,1,1,0,0,0,1,0,1,1,0,0,0,0,0
26/04/2010,1265,1,1,1,1,1,1,0,0,0,0,0,0,0,0,0,0,0,0
26/04/2010,568,2,1,1,1,1,1,0,0,1,0,1,0,1,0,0,0,1,0
26/04/2010,1290,1,1,1,1,1,1,0,0,1,0,1,0,1,0,0,0,0,0
26/04/2010,1141,1,1,1,1,1,1,0,0,1,0,1,0,1,0,0,0,0,0
26/04/2010,726,1,1,1,1,1,1,0,0,1,0,1,0,1,0,0,0,0,0
26/04/2010,977,1,1,1,2,2,1,0,0,0,0,1,1,1,0,0,0,0,0
26/04/2010,54,1,1,1,1,1,1,0,0,0,0,0,0,0,0,0,0,0,0
26/04/2010,762,1,1,1,2,2,1,0,0,1,1,0,0,1,0,0,0,0,0
26/04/2010,1169,2,1,1,1,1,1,0,0,0,0,0,0,0,0,0,0,1,0
26/04/2010,616,1,1,1,1,1,1,0,0,0,0,1,0,1,0,0,0,0,0
26/04/2010,1091,2,1,1,1,1,1,0,0,0,1,0,1,1,0,0,0,1,0
14/04/2010,349,1,1,1,1,1,1,0,0,0,1,0,0,1,0,0,0,0,0
14/04/2010,349,1,1,1,1,1,1,0,0,0,0,0,0,0,0,0,0,0,0
14/04/2010,783,1,1,1,2,2,1,0,0,1,0,1,0,1,0,0,0,0,0
14/04/2010,586,1,1,1,1,1,1,0,0,0,1,1,0,1,0,0,0,0,0
14/04/2010,1271,1,1,1,1,1,1,0,0,1,1,0,0,1,0,0,0,0,0
14/04/2010,412,1,1,1,1,1,1,0,0,1,0,1,0,1,0,0,0,0,0
14/04/2010,821,1,1,1,1,2,1,0,0,0,1,1,0,1,0,0,0,0,0
14/04/2010,1219,1,1,1,1,2,1,0,0,0,0,0,0,0,0,0,0,0,0
14/04/2010,448,1,1,1,1,2,1,0,0,0,1,0,1,1,0,0,0,0,0
14/04/2010,460,1,1,1,1,1,1,0,0,0,0,1,1,1,0,0,0,0,0
14/04/2010,1135,1,1,1,1,2,1,0,0,0,0,0,0,0,0,0,0,0,0
14/04/2010,901,1,1,1,1,2,1,0,0,1,0,1,1,1,0,0,0,0,0
14/04/2010,1251,1,1,1,1,2,1,0,0,1,1,0,1,1,0,0,0,0,0
14/04/2010,891,1,1,1,1,2,1,0,0,0,0,0,0,0,0,0,0,0,0
14/04/2010,82,1,1,1,1,2,1,0,0,1,0,1,0,1,0,0,0,0,0
14/04/2010,450,1,1,1,1,1,1,0,0,1,0,0,1,1,0,0,0,0,0
14/04/2010,1179,1,1,1,2,2,1,0,0,1,1,0,1,1,0,0,0,0,0
14/04/2010,1289,1,1,1,3,2,1,0,0,1,1,1,0,1,0,0,0,0,0
14/04/2010,1335,2,1,1,2,2,1,0,0,1,0,1,0,1,0,0,0,1,0
14/04/2010,851,1,1,1,2,2,1,0,0,1,0,1,0,1,0,0,0,0,0
14/04/2010,477,1,1,1,2,2,1,0,0,1,1,0,1,1,0,0,0,0,0
14/04/2010,942,1,1,1,1,2,1,0,0,1,1,0,0,1,0,0,0,0,0
14/04/2010,1275,1,1,1,2,2,1,0,0,1,1,1,1,1,0,1,0,0,0
14/04/2010,831,1,1,1,2,3,1,0,0,1,1,1,0,1,0,0,0,0,0
14/04/2010,1130,1,1,1,2,2,1,0,0,1,0,0,1,1,0,0,0,0,0
14/04/2010,782,1,1,1,2,2,1,0,0,1,0,1,1,1,0,0,1,0,0
29/04/2010,822,1,1,1,1,1,1,0,0,1,0,0,0,1,1,0,0,0,0
29/04/2010,491,2,1,1,1,2,1,0,0,1,0,0,0,1,0,0,0,1,0
29/04/2010,863,1,1,1,2,2,1,0,0,1,0,1,0,1,0,0,0,0,0
29/04/2010,125,1,1,1,1,2,1,0,0,1,0,0,0,1,0,0,0,0,0
29/04/2010,2,1,1,1,1,1,2,0,0,1,1,1,0,1,0,0,0,0,0
29/04/2010,698,1,1,1,2,2,1,0,0,1,0,0,0,1,0,0,0,0,0
29/04/2010,1247,1,1,1,2,2,1,0,0,1,0,0,0,1,0,0,0,0,0
29/04/2010,880,1,1,1,2,2,1,0,0,0,1,0,0,1,0,0,0,0,1
29/04/2010,1058,1,1,1,1,2,1,0,0,0,0,0,0,0,0,0,0,0,0
29/04/2010,316,1,1,1,1,2,1,0,0,1,0,0,0,1,0,0,0,0,0
29/04/2010,628,1,1,1,2,2,1,0,0,1,1,0,0,1,0,0,0,0,0
29/04/2010,254,1,1,1,2,2,1,0,0,1,0,1,1,1,0,0,0,0,0
29/04/2010,162,1,1,1,2,2,1,0,0,0,0,0,0,0,0,0,0,0,0
29/04/2010,668,1,1,1,1,2,1,0,0,1,0,0,0,1,0,0,0,0,1
29/04/2010,272,1,1,1,2,2,1,0,0,1,0,0,0,0,1,1,0,0,0
29/04/2010,1175,1,1,1,2,1,1,0,0,1,0,1,0,1,0,0,0,0,1
29/04/2010,681,1,1,1,4,2,1,0,0,1,0,0,0,1,0,0,0,0,0
29/04/2010,93,1,1,1,2,2,1,0,0,1,0,0,0,1,0,0,0,0,1
26/04/2010,616,1,1,1,1,1,1,0,0,0,0,1,0,1,0,0,0,0,0
26/04/2010,1091,2,1,1,1,1,1,0,0,0,1,0,1,1,0,0,0,1,0
09/06/2010,548,1,1,1,1,2,1,0,0,1,0,1,0,1,0,0,0,0,0
09/06/2010,997,1,1,1,2,2,1,0,0,0,0,0,0,0,0,0,0,0,0
09/06/2010,1182,2,1,1,2,2,1,0,0,1,1,1,0,1,0,1,0,1,0
09/06/2010,285,1,1,1,2,2,1,0,0,1,0,0,0,1,0,0,0,0,0
09/06/2010,88,1,1,1,2,2,1,0,0,1,0,0,0,1,0,0,0,0,0
09/06/2010,912,1,1,1,2,2,1,0,0,1,0,0,0,1,0,0,0,0,0
10/06/2010,641,1,1,1,1,1,1,0,0,1,0,1,0,1,0,0,0,0,0
24/06/2010,223,1,1,2,3,3,1,0,0,1,1,0,0,1,0,0,0,0,0
24/06/2010,269,1,1,1,1,1,1,0,0,1,1,0,0,1,0,0,0,0,0
24/06/2010,492,1,1,1,2,2,1,0,0,1,1,1,0,1,0,0,0,0,0
24/06/2010,516,1,1,1,3,2,1,0,0,0,1,0,0,1,0,0,0,0,0
24/06/2010,674,1,1,1,1,2,1,0,0,1,0,0,0,1,0,0,0,0,0
24/06/2010,388,1,1,1,2,2,1,0,0,1,1,1,0,1,0,0,0,0,0
24/06/2010,388,1,1,1,2,2,1,0,0,1,1,1,0,1,0,0,0,0,0
26/06/2010,123,1,1,1,2,2,1,0,0,1,0,0,0,1,0,0,0,0,0
26/06/2010,1093,2,1,1,2,2,1,0,0,1,1,0,0,1,0,0,0,1,0
26/06/2010,578,1,1,1,3,2,1,0,0,1,0,0,0,1,0,0,0,0,0
26/06/2010,335,1,1,1,3,2,1,0,0,1,1,0,0,1,0,0,0,0,0
26/06/2010,335,2,1,2,2,2,1,0,0,1,1,0,0,1,0,0,0,1,0
26/06/2010,715,1,1,1,2,1,1,0,0,1,0,0,0,1,0,0,0,0,0
26/06/2010,543,1,1,1,2,2,1,0,0,1,1,0,0,1,0,0,0,0,0
26/06/2010,1019,1,1,1,2,2,1,0,0,1,1,1,0,1,1,0,0,0,0
26/06/2010,1181,1,2,2,2,1,1,0,0,1,1,0,0,1,0,0,0,0,0
26/06/2010,1083,1,1,1,1,1,1,0,0,1,0,1,0,1,0,0,0,0,0
23/06/2010,1188,1,1,1,1,1,1,0,0,1,0,0,0,1,0,0,0,0,0
23/06/2010,26,1,1,1,1,3,1,0,0,0,0,0,0,1,0,0,0,0,0
23/06/2010,370,1,1,1,1,2,1,0,0,1,0,0,0,1,0,0,0,0,0
23/06/2010,419,1,1,1,1,1,1,0,0,0,0,0,0,0,0,0,0,0,0
23/06/2010,428,1,1,1,2,2,1,0,0,1,0,1,0,1,0,0,0,0,0
23/06/2010,128,1,1,1,2,2,1,0,0,1,0,0,0,1,0,0,0,0,0
23/06/2010,236,1,1,1,1,2,1,0,0,0,0,0,0,0,0,0,0,0,0
23/06/2010,669,1,1,1,1,1,1,0,0,0,0,0,0,0,0,0,0,0,0
23/06/2010,1140,1,1,1,2,2,1,0,0,0,0,0,0,0,0,0,0,0,0
23/06/2010,293,1,1,1,1,2,1,0,0,0,0,0,0,0,0,0,0,0,0
23/06/2010,1128,1,1,1,1,3,1,0,0,0,0,0,0,0,0,0,0,0,0
23/06/2010,631,1,1,1,2,1,1,0,0,0,0,0,0,0,0,0,0,0,0
23/06/2010,343,1,1,1,2,3,1,0,0,0,0,1,0,1,0,0,0,0,0
23/06/2010,511,1,1,1,2,3,1,0,0,0,0,1,1,1,0,0,0,0,0
23/06/2010,103,1,1,1,1,3,1,0,0,1,0,0,1,1,0,0,0,0,0
23/06/2010,103,1,1,1,1,3,1,0,0,1,1,0,0,1,0,0,0,0,0
10/06/2010,155,1,1,1,2,1,1,0,0,1,0,1,0,1,0,0,0,0,0
10/06/2010,1346,1,1,1,2,1,1,0,0,1,1,1,0,1,0,0,0,0,0
10/06/2010,1102,1,1,1,2,3,1,0,0,1,1,1,0,1,0,0,0,0,0
10/06/2010,1278,1,1,1,2,2,1,0,0,1,1,1,0,1,0,0,0,0,0
10/06/2010,1278,1,1,1,2,2,1,0,0,1,1,0,0,1,0,0,0,0,0
10/06/2010,192,1,1,1,2,2,1,0,0,1,0,1,0,1,0,0,0,0,0
10/06/2010,589,1,1,1,1,2,1,0,0,0,0,0,0,0,0,0,0,0,0
10/06/2010,634,1,1,1,1,2,1,0,0,0,0,0,0,0,0,0,0,0,0
10/06/2010,1190,1,1,1,2,2,1,0,0,1,0,0,0,1,0,0,0,0,0
10/06/2010,140,1,1,1,2,2,1,0,0,1,0,1,0,1,0,0,0,0,0
10/06/2010,746,1,1,1,1,1,1,0,0,0,0,0,0,0,0,0,0,0,0
10/06/2010,536,1,1,1,1,1,1,0,0,0,0,0,0,0,0,0,0,0,0
10/06/2010,135,1,1,1,2,2,1,0,0,1,1,1,0,1,0,0,0,0,0
10/06/2010,35,1,1,1,2,1,1,0,0,1,0,1,0,1,0,0,0,0,1
10/06/2010,871,1,1,1,1,1,1,0,0,1,1,1,0,1,0,0,0,0,0
10/06/2010,885,1,1,1,2,1,1,0,0,0,0,1,0,1,0,0,0,0,0
10/06/2010,187,1,1,1,2,2,1,0,0,0,0,0,0,0,0,0,0,0,0
10/06/2010,58,1,1,1,1,1,1,0,0,1,0,0,0,1,0,0,0,0,0
10/06/2010,299,1,1,1,2,1,1,0,0,1,0,1,0,1,0,0,0,0,0
10/06/2010,593,1,1,1,2,2,1,0,0,1,0,1,0,1,0,0,0,0,0
10/06/2010,470,3,1,1,2,3,1,0,0,1,1,1,0,1,0,0,0,1,0
24/06/2010,1095,1,1,1,3,3,1,0,0,0,0,1,1,1,0,1,0,0,0
24/06/2010,686,1,1,1,4,4,1,0,0,1,1,1,0,1,0,0,0,0,0
24/06/2010,144,1,1,1,4,3,1,0,0,0,0,1,0,1,0,0,0,0,0
24/06/2010,136,1,1,1,3,3,1,0,0,1,0,1,0,1,0,0,0,0,0
24/06/2010,1118,1,1,1,3,2,1,0,0,0,0,1,0,1,0,0,0,0,0
24/06/2010,1059,1,1,1,2,2,1,0,0,1,0,1,1,1,0,0,0,0,0
24/06/2010,391,1,1,1,2,4,1,0,0,0,0,1,0,1,0,0,0,0,0
24/06/2010,1152,1,1,1,3,2,1,0,0,0,0,1,0,1,0,0,0,0,0
24/06/2010,920,1,1,1,4,3,1,0,0,0,1,0,0,1,0,0,0,0,0
24/06/2010,920,1,1,1,4,3,1,0,0,1,1,0,0,1,0,0,0,0,0
24/06/2010,962,1,1,1,3,3,1,0,0,1,0,1,0,1,0,0,0,0,0
24/06/2010,962,1,1,1,3,3,1,0,0,1,1,0,0,1,0,0,0,0,0
24/06/2010,1220,1,1,1,3,2,1,1,0,1,0,1,0,1,0,0,0,0,0
24/06/2010,1220,1,1,1,3,1,1,1,0,1,0,1,0,1,0,0,0,0,0
24/06/2010,1220,1,1,1,2,1,1,2,0,1,1,1,0,1,0,0,0,0,0
24/06/2010,183,1,1,1,2,2,1,0,0,0,0,1,0,0,1,0,0,0,0
24/06/2010,886,1,1,1,2,2,1,0,0,0,0,0,0,0,0,0,0,0,0
24/06/2010,154,1,1,1,2,2,1,0,0,0,0,0,0,0,0,0,0,0,0
24/06/2010,994,1,1,1,3,3,1,0,0,0,0,0,0,0,0,0,0,0,0
24/06/2010,278,1,1,1,1,3,3,0,0,1,1,1,0,1,0,0,0,0,0
25/06/2010,385,1,1,1,1,1,1,0,0,0,0,0,0,0,0,0,0,0,0
25/06/2010,385,1,1,1,2,1,1,0,0,0,1,0,0,1,0,0,0,0,0
25/06/2010,1320,1,1,1,1,1,1,0,0,0,0,0,0,0,0,0,0,0,0
25/06/2010,1163,1,1,1,2,1,1,0,0,0,1,0,0,1,0,0,0,0,0
25/06/2010,1163,2,1,1,1,1,1,0,0,1,0,0,0,1,0,0,0,1,0
25/06/2010,618,1,1,1,1,1,1,0,0,0,0,0,0,0,0,0,0,0,0
25/06/2010,904,1,1,1,1,1,1,0,0,1,0,0,0,1,0,0,0,0,0
25/06/2010,426,1,1,1,1,1,1,0,0,0,0,0,0,0,0,0,0,0,0
25/06/2010,889,1,1,1,2,1,1,0,0,1,0,0,0,1,0,0,0,0,0
25/06/2010,436,1,1,1,2,1,1,0,0,1,0,0,0,1,0,1,0,0,0
25/06/2010,305,1,1,1,1,1,1,0,0,1,0,0,0,1,0,0,0,0,0
25/06/2010,870,1,1,1,1,1,1,0,0,0,0,0,0,0,0,0,0,0,0
12/10/2010,1351,1,1,1,1,2,1,0,0,0,0,1,0,1,0,0,0,0,0
12/10/2010,279,1,1,1,1,2,1,0,0,1,0,0,0,1,0,0,0,0,0
12/10/2010,14,1,1,1,1,2,1,0,0,0,0,1,0,1,0,0,0,0,0
12/10/2010,1234,1,1,1,2,1,1,0,0,1,0,0,0,1,0,0,0,0,0
12/10/2010,520,1,1,1,1,2,1,0,0,1,0,1,0,1,0,0,0,0,0
12/10/2010,1144,1,1,1,2,1,1,0,0,0,0,0,0,0,0,0,0,0,0
12/10/2010,260,1,1,1,2,2,1,0,0,1,0,1,0,1,0,0,0,0,0
12/10/2010,249,1,1,1,1,2,1,0,0,1,1,1,0,1,0,0,0,0,0
12/10/2010,466,1,1,1,2,1,1,0,0,0,0,0,0,0,0,0,0,0,0
12/10/2010,743,1,1,1,1,1,1,0,0,0,0,0,0,0,0,0,0,0,0
12/10/2010,1162,1,1,1,2,2,1,0,0,1,0,0,0,1,0,0,0,0,0
12/10/2010,682,1,1,1,2,1,1,0,0,0,0,0,0,0,0,0,0,0,0
12/10/2010,474,1,1,1,2,1,1,0,0,1,0,1,0,1,0,0,0,0,0
12/10/2010,13,1,1,1,1,1,1,0,0,1,1,0,0,1,0,0,0,0,0
12/10/2010,13,1,1,1,1,1,1,0,0,0,0,1,0,1,0,0,0,0,0
12/10/2010,988,1,1,1,2,2,1,0,0,1,0,1,0,1,0,0,0,0,0
12/10/2010,517,1,1,1,1,1,1,0,0,1,0,1,0,1,0,0,0,0,0
15/10/2010,38,1,1,1,1,1,1,0,0,1,0,1,0,1,0,0,0,0,1
15/10/2010,954,1,1,1,3,2,1,0,0,1,0,0,0,1,0,0,0,0,0
15/10/2010,1002,1,1,1,2,2,1,0,0,1,1,1,0,1,0,0,0,0,0
15/10/2010,145,1,1,1,1,2,1,0,0,0,1,1,0,1,0,0,0,0,0
15/10/2010,608,1,1,1,2,2,1,0,0,0,1,0,0,1,0,0,0,0,0
15/10/2010,110,1,1,1,2,2,1,0,0,1,1,0,0,1,0,0,0,0,0
15/10/2010,1103,1,1,1,1,1,1,0,0,0,1,0,1,1,0,1,0,0,0
15/10/2010,866,1,1,2,2,2,1,0,0,1,1,0,0,1,0,0,0,0,0
15/10/2010,609,1,1,1,1,2,1,0,0,1,1,1,0,1,0,0,0,0,0
15/10/2010,875,1,1,1,2,2,1,0,0,0,0,0,0,0,0,0,0,0,0
15/10/2010,350,1,1,1,1,2,1,0,0,0,1,1,0,1,0,0,0,0,0
15/10/2010,475,1,1,1,3,3,1,0,0,1,1,0,0,1,0,0,0,0,0
15/10/2010,759,1,1,1,2,3,1,0,0,0,1,1,0,1,0,0,0,0,0
15/10/2010,120,2,1,1,2,2,1,0,0,1,0,1,0,1,0,0,0,1,0
15/10/2010,333,1,1,1,2,2,1,0,0,0,1,1,1,1,0,0,0,0,0
26/10/2010,281,1,1,1,1,1,1,0,0,0,1,0,0,1,0,1,0,0,0
26/10/2010,940,1,1,1,1,1,1,0,0,0,0,0,0,0,0,0,0,0,0
26/10/2010,72,1,1,1,1,1,1,0,0,1,0,0,0,1,1,0,0,0,0
26/10/2010,1027,1,1,1,1,3,1,0,0,0,1,0,0,1,0,0,0,0,0
26/10/2010,99,1,1,1,1,1,1,0,0,0,1,0,0,1,0,0,0,0,0
26/10/2010,1258,1,1,1,1,1,1,0,0,0,0,0,0,0,0,0,0,0,0
26/10/2010,729,1,1,1,1,1,1,0,0,0,1,1,0,1,0,0,0,0,0
26/10/2010,569,1,1,1,1,1,1,0,0,0,0,0,0,0,0,0,0,0,0
26/10/2010,303,1,1,1,1,1,1,0,0,0,1,0,0,1,0,0,1,0,0
26/10/2010,764,1,1,1,1,1,1,0,0,0,0,0,0,0,0,0,0,0,0
26/10/2010,1193,1,1,1,1,1,1,0,0,0,0,0,0,0,0,1,0,0,0
22/10/2010,31,1,1,1,2,2,2,0,0,1,1,0,0,1,0,0,0,0,0
22/10/2010,399,2,1,1,2,2,1,0,0,1,1,1,0,1,0,0,0,1,0
22/10/2010,802,2,1,1,2,2,1,0,0,0,1,0,0,1,0,0,0,1,0
22/10/2010,312,1,1,1,2,2,1,0,0,0,0,0,0,0,0,0,0,0,0
22/10/2010,424,2,1,1,2,2,1,0,0,1,1,1,0,1,0,0,0,1,0
22/10/2010,1133,1,1,1,2,2,1,0,0,1,1,0,0,1,0,0,0,0,0
22/10/2010,718,1,1,1,2,2,1,0,0,0,0,0,0,0,0,0,0,0,0
22/10/2010,1302,1,1,1,2,2,1,0,0,1,0,0,1,1,0,0,0,0,0
22/10/2010,267,1,1,1,1,1,1,0,0,0,0,0,0,0,0,0,0,0,0
22/10/2010,611,1,1,1,2,2,1,0,0,0,0,0,0,0,0,0,0,0,0
22/10/2010,824,1,1,1,2,2,1,0,0,1,1,1,0,1,0,1,0,0,0
22/10/2010,792,1,1,1,2,2,1,0,0,1,0,0,1,1,0,0,0,0,0
22/10/2010,259,1,1,2,2,2,1,0,0,1,1,1,1,1,0,1,0,1,0
22/10/2010,943,1,1,1,3,2,2,0,0,1,1,1,0,1,0,0,0,0,0
22/10/2010,872,1,1,1,1,2,1,0,0,0,0,0,0,0,0,0,0,0,0
22/10/2010,673,1,1,1,2,2,1,0,0,1,0,1,0,1,0,0,0,1,0
22/10/2010,673,1,1,1,2,2,1,0,0,1,0,1,1,1,0,0,0,0,0
28/10/2010,294,1,1,3,2,1,1,0,0,1,1,1,1,1,1,0,0,1,1
28/10/2010,396,1,1,2,1,2,1,0,0,1,0,0,0,1,0,0,0,0,0
28/10/2010,96,1,1,2,4,3,1,0,0,1,0,0,0,1,0,0,0,0,0
28/10/2010,1312,1,1,1,3,2,1,0,0,1,1,0,0,1,0,0,0,0,0
28/10/2010,867,1,1,1,2,3,1,0,0,1,0,0,1,1,0,0,0,0,1
28/10/2010,867,1,1,1,2,2,1,0,0,1,1,0,0,1,0,0,0,0,0
29/10/2010,365,1,1,1,3,2,1,0,0,1,1,0,0,1,0,0,0,0,0
29/10/2010,783,1,1,1,2,2,1,1,0,1,1,0,1,1,0,0,0,0,0
29/10/2010,717,1,1,1,2,2,1,0,0,0,0,0,1,1,0,0,0,0,0
29/10/2010,397,1,1,1,3,3,1,0,0,1,0,0,0,1,0,0,0,0,0
29/10/2010,1143,1,1,1,2,2,1,0,0,1,0,0,0,1,0,0,0,0,0
29/10/2010,1166,1,1,1,2,1,1,0,0,1,1,1,0,1,0,0,0,0,0
29/10/2010,1166,1,1,1,1,2,1,0,0,1,0,1,0,1,0,0,0,0,0
29/10/2010,1346,1,1,1,1,4,1,1,0,1,0,0,0,1,0,0,0,0,0
29/10/2010,113,1,1,1,2,2,1,0,0,1,0,0,0,1,0,0,0,0,0
29/10/2010,590,1,1,1,3,4,1,0,0,1,1,0,0,1,0,0,0,0,0
29/10/2010,1158,1,1,1,3,3,1,0,0,1,1,0,0,1,0,0,0,0,0
29/10/2010,507,1,1,1,3,3,1,0,0,1,0,1,0,1,0,0,0,0,0
29/10/2010,346,1,1,1,3,3,1,0,0,1,1,1,0,1,0,0,0,0,0
29/10/2010,1016,1,1,1,2,4,1,0,0,1,0,1,0,1,0,0,0,0,0
29/10/2010,1016,1,1,1,2,4,1,0,0,1,1,0,0,1,0,0,0,0,0
29/10/2010,1016,1,1,1,2,4,1,0,0,1,0,0,0,1,0,0,0,0,0
29/10/2010,957,1,1,1,2,4,1,0,0,1,0,0,0,1,0,0,0,0,0
29/10/2010,957,1,1,1,2,4,1,0,0,1,1,0,0,1,0,0,0,0,0
02/02/2011,551,1,1,2,1,1,1,1,0,1,1,0,0,1,0,0,0,0,0
02/02/2011,551,1,1,2,1,1,1,1,0,1,0,1,0,1,0,0,0,0,0
02/02/2011,551,2,1,2,1,1,1,0,0,0,1,1,0,1,0,0,0,1,0
02/02/2011,469,1,1,1,2,3,1,0,0,1,0,0,1,1,0,0,0,0,0
02/02/2011,490,2,1,1,2,3,2,0,0,1,1,0,0,1,0,0,0,1,0
02/02/2011,565,1,1,2,2,2,1,0,0,1,0,1,0,1,0,0,0,0,0
02/02/2011,577,1,1,2,2,3,1,0,0,1,0,1,0,1,0,0,0,0,0
02/02/2011,1340,1,1,1,2,3,1,0,0,1,0,0,0,1,0,0,0,0,0
02/02/2011,314,1,1,1,2,2,1,0,0,1,0,1,0,1,0,0,0,0,0
02/02/2011,911,1,1,1,2,2,1,0,0,1,0,0,0,1,0,0,0,0,0
02/02/2011,897,1,1,1,2,3,1,0,0,0,0,0,0,0,0,0,0,0,0
02/02/2011,1286,1,1,1,2,2,1,0,0,0,0,0,0,0,0,0,0,0,0
02/02/2011,121,1,1,1,2,2,1,0,0,0,1,0,1,1,0,0,0,0,0
02/02/2011,201,1,1,1,3,3,1,0,0,1,0,0,0,1,0,0,0,0,0
02/02/2011,264,1,1,1,2,2,1,0,0,0,1,0,0,1,0,0,0,0,0
02/02/2011,264,1,1,1,2,2,1,0,0,0,1,0,0,1,0,0,0,0,0
02/02/2011,684,1,1,1,1,2,1,0,0,1,0,0,1,1,0,0,0,0,0
02/02/2011,723,1,1,1,1,2,1,0,0,1,0,0,0,1,0,0,0,0,0
02/02/2011,66,1,1,1,2,4,1,0,0,1,0,0,0,1,0,0,0,0,0
02/02/2011,66,1,1,1,2,4,1,0,0,1,0,1,0,1,0,0,0,0,0
02/02/2011,30,1,1,1,2,3,1,0,0,1,1,1,0,1,0,0,0,0,0
02/02/2011,66,1,1,1,2,3,1,0,0,1,1,0,1,1,0,0,0,0,0
02/02/2011,719,1,1,1,2,4,1,0,0,1,1,0,0,1,0,0,0,0,0
02/02/2011,425,1,1,2,3,4,1,0,0,1,1,1,0,1,0,0,0,0,1
27/01/2011,101,1,1,1,1,2,1,0,0,0,0,0,0,0,0,0,0,0,0
27/01/2011,430,1,1,1,1,2,1,0,0,0,0,1,0,1,0,0,0,0,0
27/01/2011,506,1,1,1,1,1,1,0,0,0,1,0,0,1,0,0,0,0,0
27/01/2011,127,1,1,1,1,1,1,0,0,1,1,0,0,1,0,0,0,0,0
27/01/2011,768,1,1,1,1,1,1,0,0,0,0,1,0,1,0,0,0,0,0
27/01/2011,461,1,1,1,1,2,1,0,0,0,0,1,1,1,0,0,0,0,0
27/01/2011,287,1,1,1,2,3,1,0,0,1,1,0,0,1,0,0,0,0,0
27/01/2011,1227,1,1,1,1,2,1,0,0,0,0,1,0,1,0,0,0,0,0
27/01/2011,4,1,1,1,1,3,1,0,0,0,0,1,0,1,0,0,0,0,0
27/01/2011,4,1,1,1,2,2,1,0,0,0,1,0,0,1,0,0,0,0,0
27/01/2011,68,1,1,1,1,1,1,0,0,1,1,0,0,1,0,0,0,0,0
27/01/2011,1098,1,1,1,2,2,1,0,0,1,0,1,0,1,0,0,0,0,0
27/01/2011,1098,1,1,1,2,2,1,0,0,1,1,0,0,1,0,0,0,0,0
27/01/2011,1098,1,1,1,2,2,1,0,0,1,1,0,0,1,0,0,0,0,0
27/01/2011,962,1,1,1,1,2,1,0,0,0,0,1,0,1,0,0,0,0,0
27/01/2011,962,1,1,1,2,2,1,0,0,1,1,0,0,1,0,0,0,0,0
27/01/2011,678,1,1,1,1,2,1,0,0,0,0,1,0,1,0,0,0,0,0
28/01/2011,956,1,1,2,2,1,1,0,0,0,0,1,1,0,0,1,0,0,0
28/01/2011,323,1,1,1,1,2,1,0,0,0,1,1,1,0,0,1,0,0,0
11/02/2011,586,1,1,1,2,1,1,0,0,1,0,1,0,1,0,0,0,0,0
11/02/2011,334,1,1,1,2,1,1,0,0,1,0,0,0,1,0,0,0,0,0
11/02/2011,760,1,1,1,2,2,1,0,0,0,1,0,1,1,0,0,0,0,0
11/02/2011,974,1,1,1,1,2,1,0,0,0,0,0,0,0,0,0,0,0,0
11/02/2011,179,1,1,1,1,1,1,0,0,0,0,0,0,0,0,0,0,0,0
11/02/2011,1146,1,1,1,1,2,1,0,0,1,0,0,0,1,0,0,0,0,1
11/02/2011,973,1,1,1,1,2,1,0,0,1,1,0,0,1,0,0,0,0,0
11/02/2011,1117,1,1,1,1,2,1,0,0,0,0,0,0,0,0,0,0,0,0
11/02/2011,46,1,1,1,2,2,1,0,0,1,1,1,1,1,0,1,0,0,0
11/02/2011,151,1,1,1,1,2,1,0,0,1,1,0,0,1,0,0,0,0,0
11/02/2011,268,1,1,1,2,2,1,0,0,1,1,0,0,1,0,0,0,0,0
11/02/2011,268,1,1,1,2,2,1,0,0,1,0,1,0,1,0,0,0,0,0
11/02/2011,268,1,1,1,2,2,1,0,0,1,1,0,0,1,0,0,0,0,0
11/02/2011,108,1,1,1,2,2,1,0,0,0,0,0,0,0,0,0,0,0,0
11/02/2011,944,1,1,1,1,2,1,0,0,0,0,0,0,0,0,0,0,0,0
11/02/2011,996,1,1,1,1,2,1,0,0,0,1,0,0,1,0,0,0,0,0
11/02/2011,484,1,1,1,1,2,1,0,0,0,0,0,0,0,0,0,0,0,0
11/02/2011,202,1,1,1,2,2,1,0,0,0,0,0,0,0,0,0,0,0,0
11/02/2011,78,1,1,1,1,1,1,0,0,0,1,0,0,1,0,0,0,0,0
11/02/2011,725,1,1,1,1,2,1,0,0,1,1,0,0,1,0,0,0,0,0
11/02/2011,105,1,1,1,2,2,1,0,0,1,1,0,0,1,0,0,0,0,0
27/01/2011,1264,1,1,1,1,2,2,0,0,1,0,1,0,1,0,0,0,0,0
27/01/2011,456,1,1,1,1,2,1,0,0,0,0,0,0,0,0,0,0,0,0
27/01/2011,1109,1,1,1,1,2,1,0,0,1,0,1,0,1,0,0,0,0,0
27/01/2011,1253,1,1,1,2,2,1,0,0,0,0,1,0,1,0,0,0,0,0
27/01/2011,951,1,1,1,2,2,1,0,0,1,1,1,0,1,0,0,0,0,0
27/01/2011,204,1,1,1,1,4,1,0,0,1,1,1,0,1,0,0,0,0,0
27/01/2011,691,1,1,1,1,3,1,0,0,1,0,1,0,1,0,0,0,0,0
27/01/2011,1054,1,1,1,2,3,1,0,0,1,1,1,1,1,0,1,0,0,0
27/01/2011,200,1,1,1,1,2,1,0,0,1,0,0,0,1,0,1,0,0,0
05/02/2011,170,1,1,1,1,2,1,0,0,0,0,0,0,1,0,0,0,0,0
05/02/2011,1221,1,1,1,1,2,1,1,0,1,0,1,1,1,0,0,1,0,0
05/02/2011,479,1,1,1,1,4,1,0,0,1,1,1,1,1,0,1,0,1,0
05/02/2011,887,1,1,1,1,2,1,0,0,1,0,0,0,1,0,0,0,0,0
05/02/2011,1263,1,1,1,1,2,1,0,0,1,0,1,0,1,0,0,0,0,0
05/02/2011,92,1,1,1,1,1,1,0,0,0,0,0,0,0,0,0,0,0,0
20/01/2011,1068,1,1,2,1,4,1,0,0,1,1,0,0,1,0,0,1,0,0
20/01/2011,672,1,1,1,2,1,1,0,0,1,0,0,0,1,0,0,0,0,0
20/01/2011,672,1,1,1,1,1,1,3,0,1,0,0,1,1,0,0,0,0,0
20/01/2011,548,1,1,1,1,2,1,0,0,1,0,1,0,1,0,0,0,0,0
20/01/2011,548,1,1,1,2,3,1,1,0,1,0,1,1,1,0,0,0,0,0
20/01/2011,706,1,1,1,1,2,2,1,0,1,0,1,0,1,0,0,0,0,0
20/01/2011,1269,1,1,2,1,3,1,0,0,1,0,0,1,1,0,0,0,0,0
20/01/2011,39,2,1,3,1,2,2,0,0,1,1,0,0,1,1,1,0,1,0
19/01/2011,758,1,1,1,2,2,1,1,1,1,0,0,0,1,0,0,0,0,0
19/01/2011,758,1,1,1,2,2,1,1,0,1,1,1,0,1,0,0,1,0,0
22/02/2011,778,1,1,1,1,1,1,0,0,0,0,0,0,0,0,0,0,0,0
22/02/2011,531,1,1,1,2,2,1,0,0,1,1,1,1,1,0,0,0,0,0
22/02/2011,13,1,1,1,2,2,1,0,0,1,1,1,1,1,1,1,0,0,0
22/02/2011,473,1,1,1,2,2,1,0,0,1,1,0,0,1,0,0,0,0,0
22/02/2011,455,1,1,1,1,1,1,0,0,0,0,0,0,0,0,0,0,0,0
22/02/2011,1261,4,1,1,3,2,1,0,0,1,1,1,1,1,0,1,0,1,0
22/02/2011,1014,1,1,1,2,2,1,0,0,1,1,0,0,1,0,0,0,0,0
22/02/2011,13,1,1,1,2,2,1,0,0,1,1,1,1,1,1,0,0,0,0
22/02/2011,286,1,1,1,2,2,1,0,0,0,0,0,0,0,0,0,0,0,0
22/02/2011,1304,1,1,1,1,3,1,0,0,0,0,1,0,1,0,0,0,0,0
22/02/2011,578,1,1,1,1,1,1,0,0,0,0,0,1,1,0,0,0,0,0
22/02/2011,1324,1,1,1,2,1,1,1,0,1,1,1,0,1,0,0,0,0,0
22/02/2011,1324,1,1,1,1,1,1,0,0,1,1,1,0,1,0,0,0,0,0
22/02/2011,1363,1,1,1,1,1,1,0,0,0,0,0,0,0,0,0,0,0,0
22/02/2011,748,1,1,1,1,1,1,0,0,1,0,0,0,1,0,0,0,0,0
22/02/2011,1105,1,1,1,1,1,1,0,0,1,0,0,0,1,0,0,0,0,0
22/02/2011,1286,2,1,1,1,2,1,0,0,0,1,1,0,1,0,0,0,1,0
22/02/2011,1306,1,1,1,1,2,1,1,0,1,1,0,0,1,0,0,0,0,0
22/02/2011,1266,1,1,1,1,3,1,0,0,0,0,0,0,0,0,0,0,0,0
22/02/2011,1180,1,1,1,1,2,1,0,0,1,1,1,1,1,0,0,0,0,0
22/02/2011,1180,1,1,1,1,1,1,0,0,1,0,1,0,1,0,0,0,0,0
22/02/2011,1254,1,1,1,1,2,1,0,0,1,0,0,1,1,0,0,0,0,0
22/02/2011,1254,2,1,1,1,1,1,0,0,1,0,1,0,1,0,0,0,1,0
22/02/2011,556,1,1,1,1,1,1,0,0,0,0,0,0,0,0,0,0,0,0
22/02/2011,218,1,1,1,1,1,1,0,0,0,0,0,0,0,0,0,0,0,0
22/02/2011,413,1,1,1,1,2,1,0,0,1,0,0,0,1,0,0,0,0,0
22/02/2011,710,1,1,1,1,1,1,1,0,1,1,0,0,1,0,0,0,0,0
22/02/2011,710,1,1,1,1,1,1,0,0,1,1,1,1,1,0,0,0,0,0
22/02/2011,470,1,1,1,1,1,1,0,0,1,1,1,1,1,0,0,0,0,0
22/02/2011,470,1,1,1,1,1,1,0,0,1,1,1,0,1,0,0,0,0,0
22/02/2011,489,1,1,1,1,1,1,0,0,1,1,1,1,1,0,0,0,0,0
22/02/2011,489,1,1,1,1,1,1,0,0,1,1,0,0,1,0,0,0,0,0
22/02/2011,984,1,1,1,1,1,1,0,0,1,0,0,0,1,0,0,0,0,0
22/02/2011,420,1,1,1,1,1,1,0,0,1,0,0,0,1,0,0,0,0,0
22/02/2011,458,1,1,1,1,1,1,0,0,1,0,0,0,1,0,0,0,0,0
22/02/2011,928,1,1,1,1,1,1,0,0,1,1,0,0,1,0,0,0,0,0
22/02/2011,1226,1,1,1,1,1,1,0,0,1,0,0,0,1,0,0,0,0,0
22/02/2011,529,1,1,1,1,1,1,0,0,1,1,1,0,1,0,0,0,0,0
22/02/2011,83,1,1,1,1,1,1,0,0,1,0,0,0,1,0,0,0,0,0
22/02/2011,1239,1,1,1,1,1,1,1,0,1,1,1,1,1,1,0,0,0,0
22/02/2011,1239,1,1,1,1,2,1,0,0,1,1,0,1,1,0,0,0,0,0
22/02/2011,1020,1,1,1,1,1,1,0,0,0,1,0,0,1,0,0,0,0,0
22/02/2011,916,1,1,1,1,1,1,0,0,1,1,0,0,1,0,0,0,0,0
22/02/2011,540,1,1,1,1,2,1,0,0,1,0,0,0,1,0,0,0,0,0
22/02/2011,235,1,1,1,1,1,1,0,0,1,0,1,0,1,0,0,0,0,0
22/02/2011,951,1,1,1,2,2,1,0,0,1,1,1,0,1,0,0,0,0,0
22/02/2011,376,1,1,1,2,2,1,0,0,1,0,1,0,1,0,0,0,0,0
22/02/2011,991,1,1,1,2,1,1,0,0,0,1,0,1,1,0,0,0,0,0
22/02/2011,1125,1,1,1,2,2,1,0,0,1,0,0,0,1,0,0,0,0,0
22/02/2011,44,1,1,1,2,2,1,0,0,0,0,1,0,1,0,0,0,0,0
22/02/2011,1022,1,1,1,2,1,1,0,0,0,1,0,0,1,0,0,0,0,0
22/02/2011,751,1,1,1,2,1,1,0,0,0,0,0,0,0,0,0,0,0,0
22/02/2011,176,1,1,1,2,2,1,0,0,1,0,0,0,1,0,0,0,0,0
22/02/2011,1071,1,1,1,1,1,1,0,0,1,0,0,0,1,0,0,0,0,0
22/02/2011,769,1,1,1,1,1,1,0,0,1,1,0,0,1,0,0,0,0,0
22/02/2011,407,1,1,1,2,2,1,0,0,1,0,0,0,1,0,0,0,0,0
22/02/2011,100,1,1,1,2,2,1,0,0,1,0,0,0,1,0,0,0,0,0
22/02/2011,997,1,1,1,1,2,1,0,0,1,0,0,0,1,0,0,0,0,0
22/02/2011,864,1,1,1,1,1,1,0,0,1,0,0,0,1,0,0,0,0,0
22/02/2011,233,1,1,1,1,1,1,0,0,1,1,0,0,1,0,0,0,0,0
22/02/2011,869,1,1,1,2,1,1,0,0,1,1,1,0,1,0,0,0,0,0
22/02/2011,1012,1,1,1,1,1,1,0,0,1,0,0,0,1,0,0,0,0,0
22/02/2011,1342,1,1,1,1,1,1,0,0,0,0,0,0,0,0,0,0,0,0
22/02/2011,24,1,1,1,1,2,1,0,0,0,0,0,0,0,0,0,0,0,0
22/02/2011,1186,1,1,1,1,1,1,0,0,1,0,0,0,1,0,0,0,0,0
22/02/2011,483,1,1,1,2,2,1,0,0,1,0,1,0,1,0,0,0,0,0
22/02/2011,1055,1,1,1,2,2,1,0,0,1,1,0,0,1,0,0,0,0,0
22/02/2011,1172,1,1,1,2,2,1,0,0,0,0,0,0,0,0,0,0,0,0
22/02/2011,347,1,1,1,2,1,1,0,0,0,1,0,0,1,0,0,0,0,0
22/02/2011,627,1,1,1,2,2,1,0,0,0,0,0,0,0,0,0,0,0,0
22/02/2011,410,1,1,1,1,1,1,0,0,0,0,0,0,0,0,0,0,0,0
22/02/2011,828,1,1,1,1,1,1,0,0,1,1,0,0,1,0,0,0,0,0
22/02/2011,109,1,1,1,1,1,1,1,0,1,0,0,0,1,0,0,0,0,0
22/02/2011,1040,1,1,1,2,2,1,0,0,1,0,1,0,1,0,0,0,0,0
22/02/2011,975,1,1,1,2,2,1,0,0,0,1,1,1,1,0,0,0,0,0
22/02/2011,975,1,1,1,2,2,1,1,0,0,1,1,0,1,0,0,0,0,0
22/02/2011,849,1,1,1,2,2,1,0,0,1,1,0,0,1,0,0,0,0,0
22/02/2011,1200,1,1,1,2,2,1,0,0,0,1,0,0,1,0,0,0,0,0
22/02/2011,542,1,1,1,2,2,1,0,0,1,0,0,0,1,0,0,0,0,0
22/02/2011,149,1,1,1,2,2,1,0,0,1,0,0,1,1,0,0,0,0,0
22/02/2011,610,1,1,1,1,1,1,0,0,0,0,0,0,0,0,0,0,0,0
22/02/2011,560,1,1,1,1,1,1,0,0,1,0,0,0,1,0,0,0,0,0
22/02/2011,442,1,1,1,2,2,1,0,0,1,0,0,1,1,0,0,0,0,0
22/02/2011,1275,1,1,1,2,1,1,0,0,0,1,1,0,1,0,0,0,0,0
22/02/2011,913,1,1,1,1,1,1,1,0,0,0,0,0,0,0,0,0,0,0
07/06/2010,1065,1,1,1,3,3,1,0,0,0,0,1,1,1,0,0,0,0,0
07/06/2010,1160,1,1,1,1,1,1,0,0,1,0,1,0,1,0,0,0,0,0
07/06/2010,1242,1,1,1,2,2,1,0,0,1,0,0,0,1,0,0,0,0,0
15/06/2010,13,1,1,1,3,1,1,0,0,0,1,0,0,1,0,0,0,0,0
15/06/2010,13,1,1,1,3,1,1,0,0,0,1,0,0,1,0,0,0,0,0
15/06/2010,13,1,1,1,3,1,1,0,0,1,1,1,0,1,0,0,0,0,0
08/06/2010,1329,1,1,1,3,4,1,0,0,1,1,1,1,1,0,1,0,0,0
08/06/2010,1353,1,1,1,2,2,1,0,0,0,0,1,0,1,0,0,0,0,0
09/06/2010,546,1,1,1,3,2,1,0,0,1,1,0,0,1,0,0,0,0,0
08/06/2010,781,1,1,1,2,2,1,0,0,0,1,0,0,1,0,0,0,0,0
08/06/2010,713,1,1,1,1,3,1,0,0,0,0,1,0,1,0,0,0,0,0
08/06/2010,993,2,1,1,1,2,1,0,0,1,0,1,1,1,0,0,0,1,0
08/06/2010,485,1,1,1,2,2,1,0,0,1,0,0,0,1,0,0,0,0,0
08/06/2010,957,1,1,1,1,2,1,0,0,0,1,0,0,1,0,0,0,0,0
08/06/2010,957,1,1,1,1,2,1,0,0,0,1,0,0,1,0,0,0,0,0
08/06/2010,957,1,1,1,1,2,1,0,0,0,0,0,0,0,0,0,0,0,0
08/06/2010,1270,1,1,1,1,2,1,0,0,1,1,1,1,1,0,0,0,0,0
08/06/2010,1270,1,1,1,1,2,1,0,0,1,1,1,1,1,0,0,0,0,0
16/06/2010,514,1,1,1,4,1,1,0,0,0,0,0,0,0,0,0,0,0,0
10/06/2010,838,1,1,2,1,2,1,0,0,0,1,0,0,1,0,0,0,0,0
10/06/2010,838,1,1,1,1,3,1,0,0,1,1,0,0,1,0,0,0,0,0
10/06/2010,928,1,1,1,1,2,1,0,0,1,0,0,0,1,0,0,0,1,0
10/06/2010,338,1,1,1,2,2,1,0,0,0,1,0,0,1,0,0,0,0,0
10/06/2010,797,1,3,2,2,2,1,1,0,1,0,1,0,1,0,0,0,0,0
21/06/2010,203,1,1,1,1,1,1,0,0,1,0,0,0,1,0,0,0,0,0
10/06/2010,1034,1,1,1,1,2,1,0,0,0,1,0,1,1,0,0,0,0,0
17/06/2010,384,1,1,1,3,1,1,0,0,1,1,1,1,1,0,0,0,0,0
21/06/2010,798,1,1,1,1,1,1,0,0,0,1,0,0,1,0,0,0,0,0
10/06/2010,796,1,1,1,2,2,1,0,0,1,1,0,0,1,0,0,0,0,0
10/06/2010,796,1,1,1,1,2,1,0,0,0,0,0,0,0,0,0,0,0,0
10/06/2010,1288,1,1,1,1,4,1,0,0,1,0,0,0,1,0,0,0,0,0
17/06/2010,1204,1,1,1,1,2,1,0,0,1,1,0,0,1,1,0,0,0,0
09/06/2010,41,1,1,1,1,1,1,0,0,0,0,0,0,0,0,0,0,0,0
17/06/2010,1111,1,1,1,1,2,1,0,0,1,1,0,0,1,0,0,0,0,0
21/06/2010,615,1,1,1,1,1,1,0,0,1,0,0,0,1,0,0,0,0,0
21/06/2010,830,1,1,1,1,1,1,0,0,0,1,0,0,1,0,0,0,0,0
21/06/2010,693,2,1,1,1,1,1,0,0,0,0,1,1,1,0,0,0,1,0
21/06/2010,1287,1,1,1,1,2,1,0,0,0,0,0,0,0,0,0,0,0,0
21/06/2010,658,1,1,1,2,3,1,0,0,0,0,1,0,1,0,0,0,0,0
11/06/2010,214,1,1,1,2,2,1,2,1,1,1,0,0,1,0,0,0,0,0
14/06/2010,463,1,1,1,2,3,1,0,0,0,1,1,0,1,0,0,0,0,0
16/06/2010,1124,1,1,1,1,1,1,2,0,1,0,0,0,1,1,0,0,0,0
16/06/2010,141,1,1,1,2,2,1,0,0,1,0,1,0,1,0,0,0,0,0
10/06/2010,378,1,1,1,1,2,1,0,0,1,1,1,0,1,0,0,0,0,0
21/06/2010,1053,1,1,1,1,1,1,1,0,0,0,0,0,0,0,0,0,0,0
16/06/2010,670,1,1,1,3,1,1,0,0,0,1,1,0,1,0,0,0,0,0
16/06/2010,696,1,1,1,1,1,1,0,0,0,0,0,0,0,0,0,0,0,0
16/06/2010,1187,1,1,1,1,1,1,0,0,1,0,1,0,1,0,0,0,0,0
16/06/2010,735,1,1,1,1,2,1,0,0,1,1,1,0,1,0,0,0,0,0
17/06/2010,1230,1,1,1,1,2,1,0,0,0,0,0,0,0,0,0,0,0,0
17/06/2010,415,1,1,1,1,2,1,1,0,0,0,0,1,1,0,0,0,0,0
17/06/2010,415,1,1,1,1,2,1,0,0,0,0,0,0,1,0,0,0,0,0
17/06/2010,730,1,1,1,2,2,1,0,0,1,1,0,0,1,0,0,0,0,0
15/06/2010,1206,1,1,1,1,2,1,0,0,1,0,0,0,1,0,0,0,0,0
09/06/2010,1252,1,1,1,3,1,1,0,0,1,1,0,0,1,0,0,0,0,0
09/06/2010,936,1,1,1,1,2,1,0,0,1,0,0,0,1,0,0,0,0,0
09/06/2010,936,1,1,1,1,2,1,0,0,0,0,0,1,1,0,0,0,0,0
09/06/2010,546,1,1,1,3,2,1,0,0,1,1,0,0,1,0,0,0,0,0
09/06/2010,389,1,1,1,2,1,1,0,0,1,0,0,1,1,0,0,0,0,0
14/06/2010,801,1,1,1,2,2,1,0,0,1,0,0,0,1,0,0,0,0,0
14/06/2010,1098,1,1,1,1,2,1,0,0,1,0,1,1,1,0,0,0,0,0
14/06/2010,1098,1,1,1,1,2,1,0,0,1,1,1,1,1,0,0,0,0,0
14/06/2010,1122,1,1,1,2,1,1,0,0,1,0,0,0,1,0,0,0,0,0
14/06/2010,463,1,1,1,2,3,1,0,0,0,1,1,0,1,0,0,0,0,0
14/06/2010,790,1,1,1,2,1,1,0,0,1,1,0,1,1,0,1,0,0,0
14/06/2010,619,1,1,1,1,3,1,0,0,0,0,0,0,0,0,0,0,0,0
14/06/2010,1236,1,1,1,1,2,1,0,0,1,0,0,0,1,0,0,0,0,0
14/06/2010,780,1,1,1,1,2,1,0,0,1,0,0,0,1,0,0,0,0,0
15/06/2010,186,1,1,1,2,1,1,0,0,1,0,0,0,1,0,0,0,0,0
15/06/2010,1238,1,1,1,1,2,1,0,0,1,0,1,0,1,0,0,0,0,0
14/06/2010,619,1,1,1,3,3,1,0,0,0,0,0,0,0,0,0,0,0,0
09/06/2010,1127,1,1,1,1,1,1,0,0,0,0,0,0,0,0,0,0,0,0
15/06/2010,1295,1,1,1,1,1,1,0,0,0,1,0,0,1,0,0,0,0,0
21/06/2010,309,1,1,1,1,1,1,0,0,0,0,0,0,0,0,0,0,0,0
18/06/2010,469,1,1,1,1,3,1,0,0,1,1,1,1,1,1,0,0,0,0
18/06/2010,222,1,1,1,1,2,1,0,0,1,1,1,0,1,0,0,0,0,0
10/06/2010,1139,1,1,1,1,2,1,0,0,1,1,0,0,1,0,0,0,0,0
18/06/2010,738,1,1,1,1,1,1,0,0,0,0,0,0,0,0,0,0,0,0
18/06/2010,1319,1,1,1,1,1,1,3,0,0,1,0,0,1,0,0,0,0,0
18/06/2010,646,1,1,1,2,2,1,0,0,1,0,0,0,1,0,0,0,0,0
11/06/2010,214,1,1,1,2,2,1,2,1,1,1,0,0,1,0,0,0,0,0
11/06/2010,818,1,1,2,2,2,1,1,1,1,0,1,0,1,0,0,0,0,0
11/06/2010,1003,1,1,1,2,2,1,0,0,0,0,0,0,0,0,0,0,0,0
11/06/2010,11,1,1,1,2,2,1,0,0,1,1,0,1,1,0,0,0,0,0
11/06/2010,70,1,1,1,1,1,1,0,0,1,1,0,0,1,0,0,0,0,0
14/06/2010,600,1,1,1,2,2,1,0,0,0,0,0,0,0,0,0,0,0,0
14/06/2010,164,1,1,1,2,2,1,0,0,1,1,0,0,1,0,0,0,0,0
15/06/2010,277,1,1,1,1,2,1,0,0,0,0,0,0,0,0,0,0,0,0
15/06/2010,793,1,1,1,1,1,1,0,0,0,0,0,0,0,0,0,0,0,0
15/06/2010,793,1,1,1,1,1,1,0,0,0,0,0,0,0,0,0,0,0,0
18/06/2010,1153,1,1,1,3,2,1,3,0,1,1,1,0,1,0,0,0,0,0
18/06/2010,702,1,1,1,1,1,1,0,0,1,0,0,0,1,0,0,0,0,0
22/06/2010,180,1,1,1,1,3,1,0,0,1,0,0,0,1,0,0,0,0,0
22/06/2010,503,1,1,1,1,3,1,0,0,0,0,0,0,0,0,0,0,0,0
20/06/2010,967,1,1,1,2,1,1,0,0,1,0,1,0,1,0,0,0,0,0
20/06/2010,967,1,1,1,2,1,1,0,0,1,1,1,0,1,0,0,0,0,0
20/06/2010,1067,1,1,2,2,1,1,0,0,1,1,1,1,1,0,0,0,0,0
22/06/2010,184,1,1,1,1,2,1,0,0,1,0,1,0,1,0,0,0,0,0
22/06/2010,452,1,1,1,1,1,1,0,0,0,0,0,0,0,0,0,0,0,0
15/06/2010,1121,1,1,1,2,2,1,0,0,1,0,0,0,1,0,0,0,0,0
